fetched_at_utc,observation_time_utc,station_id,wind_direction,wind_speed_kt,wind_speed,wind_gust_kt,wind_gust_10m_ms,temperature_c,dewpoint_c,altimeter_hpa,raw_metar,source
2026-05-21T20:31:19.701708+00:00,2026-05-21T18:54:00+00:00,KBOS,100,8.0,4.115552,,,15.0,5.6,1023.1,METAR KBOS 211854Z 10008KT 10SM FEW070 FEW110 SCT160 BKN200 15/06 A3021 RMK AO2 SLP228 T01500056,aviationweather_metar
2026-05-21T20:31:19.701708+00:00,2026-05-21T19:54:00+00:00,KBOS,120,7.0,3.601108,,,14.4,5.0,1022.4,METAR KBOS 211954Z 12007KT 10SM FEW070 BKN160 BKN220 14/05 A3019 RMK AO2 SLP223 T01440050,aviationweather_metar
2026-05-21T20:58:33.482879+00:00,2026-05-21T09:54:00+00:00,KBOS,340,12.0,6.173328,20.0,10.28888,18.3,2.8,1020.1,METAR KBOS 210954Z 34012G20KT 10SM OVC110 18/03 A3012 RMK AO2 SLP198 T01830028,aviationweather_metar
2026-05-21T20:58:33.482879+00:00,2026-05-21T10:54:00+00:00,KBOS,330,9.0,4.629996,,,17.8,4.4,1020.7,METAR KBOS 211054Z 33009KT 10SM -RA OVC110 18/04 A3014 RMK AO2 RAB35 SLP207 P0000 T01780044 $,aviationweather_metar
2026-05-21T20:58:33.482879+00:00,2026-05-21T11:54:00+00:00,KBOS,340,11.0,5.658884,,,17.2,3.3,1021.4,METAR KBOS 211154Z 34011KT 10SM OVC090 17/03 A3016 RMK AO2 RAE43 SLP214 P0000 60000 T01720033 10222 20172 51030,aviationweather_metar
2026-05-21T20:58:33.482879+00:00,2026-05-21T12:54:00+00:00,KBOS,350,9.0,4.629996,,,17.8,3.9,1022.1,METAR KBOS 211254Z 35009KT 10SM SCT100 SCT140 OVC200 18/04 A3018 RMK AO2 SLP220 T01780039,aviationweather_metar
2026-05-21T20:58:33.482879+00:00,2026-05-21T14:54:00+00:00,KBOS,90,10.0,5.14444,,,15.6,6.7,1022.8,METAR KBOS 211454Z 09010KT 10SM FEW110 BKN160 OVC200 16/07 A3020 RMK AO2 SLP227 T01560067 51014,aviationweather_metar
2026-05-21T20:58:33.482879+00:00,2026-05-21T15:54:00+00:00,KBOS,130,9.0,4.629996,,,15.0,7.2,1023.1,METAR KBOS 211554Z 13009KT 10SM FEW110 OVC160 15/07 A3021 RMK AO2 SLP230 BINOVC T01500072,aviationweather_metar
2026-05-21T20:58:33.482879+00:00,2026-05-21T16:54:00+00:00,KBOS,100,10.0,5.14444,,,16.1,6.1,1023.1,METAR KBOS 211654Z 10010KT 10SM FEW110 BKN160 BKN200 16/06 A3021 RMK AO2 SLP228 T01610061,aviationweather_metar
2026-05-21T20:58:33.482879+00:00,2026-05-21T17:54:00+00:00,KBOS,120,10.0,5.14444,,,15.0,6.7,1022.8,METAR KBOS 211754Z 12010KT 10SM FEW110 BKN160 BKN200 15/07 A3020 RMK AO2 SLP226 T01500067 10178 20144 58001,aviationweather_metar
2026-05-21T20:58:33.482879+00:00,2026-05-21T20:54:00+00:00,KBOS,60,5.0,2.57222,,,14.4,6.1,1022.8,METAR KBOS 212054Z 06005KT 10SM FEW110 BKN170 BKN200 14/06 A3020 RMK AO2 SLP226 T01440061 55001,aviationweather_metar
2026-05-21T22:41:04.365792+00:00,2026-05-21T21:54:00+00:00,KBOS,80,5.0,2.57222,,,14.4,7.2,1022.8,METAR KBOS 212154Z 08005KT 10SM FEW110 SCT160 BKN200 14/07 A3020 RMK AO2 SLP225 T01440072,aviationweather_metar
2026-05-21T23:39:50.569615+00:00,2026-05-21T22:54:00+00:00,KBOS,80,3.0,1.543332,,,14.4,7.8,1023.1,METAR KBOS 212254Z 08003KT 10SM FEW120 SCT170 BKN200 14/08 A3021 RMK AO2 SLP228 T01440078,aviationweather_metar
2026-05-22T01:34:59.239311+00:00,2026-05-21T23:54:00+00:00,KBOS,350,4.0,2.057776,,,16.7,2.2,1023.5,METAR KBOS 212354Z 35004KT 10SM FEW120 SCT170 BKN230 17/02 A3022 RMK AO2 SLP231 T01670022 10172 20144 53005,aviationweather_metar
2026-05-22T01:34:59.239281+00:00,2026-05-22T00:54:00+00:00,KBOS,340,8.0,4.115552,,,17.2,0.0,1024.1,METAR KBOS 220054Z 34008KT 10SM FEW120 FEW170 BKN230 17/00 A3024 RMK AO2 SLP238 T01720000,aviationweather_metar
2026-05-22T05:49:44.377729+00:00,2026-05-22T01:54:00+00:00,KBOS,330,7.0,3.601108,,,17.2,-0.6,1025.1,METAR KBOS 220154Z 33007KT 280V350 10SM FEW160 BKN250 17/M01 A3027 RMK AO2 SLP249 T01721006,aviationweather_metar
2026-05-22T05:49:44.377719+00:00,2026-05-22T02:54:00+00:00,KBOS,320,7.0,3.601108,,,16.1,-1.1,1025.5,METAR KBOS 220254Z 32007KT 10SM FEW160 BKN250 16/M01 A3028 RMK AO2 SLP253 T01611011 51022,aviationweather_metar
2026-05-22T05:49:44.377706+00:00,2026-05-22T03:54:00+00:00,KBOS,320,9.0,4.629996,,,15.6,0.0,1026.2,METAR KBOS 220354Z 32009KT 10SM FEW160 BKN250 16/00 A3030 RMK AO2 SLP259 T01560000,aviationweather_metar
2026-05-22T05:49:44.377675+00:00,2026-05-22T04:54:00+00:00,KBOS,350,9.0,4.629996,,,13.9,0.6,1026.2,METAR KBOS 220454Z 35009KT 10SM OVC250 14/01 A3030 RMK AO2 SLP260 T01390006 402280139,aviationweather_metar
2026-05-22T08:50:00.919670+00:00,2026-05-22T05:54:00+00:00,KBOS,350,8.0,4.115552,,,12.8,1.1,1026.5,METAR KBOS 220554Z 35008KT 10SM BKN250 13/01 A3031 RMK AO2 SLP264 T01280011 10178 20128 51011,aviationweather_metar
2026-05-22T08:50:00.919657+00:00,2026-05-22T06:54:00+00:00,KBOS,10,8.0,4.115552,,,11.7,1.1,1026.8,METAR KBOS 220654Z 01008KT 10SM BKN250 12/01 A3032 RMK AO2 SLP267 T01170011,aviationweather_metar
2026-05-22T08:50:00.919626+00:00,2026-05-22T07:54:00+00:00,KBOS,10,8.0,4.115552,,,11.1,0.6,1027.5,METAR KBOS 220754Z 01008KT 10SM BKN250 11/01 A3034 RMK AO2 SLP272 T01110006,aviationweather_metar
2026-05-22T11:39:11.182576+00:00,2026-05-22T08:54:00+00:00,KBOS,10,9.0,4.629996,,,10.6,0.6,1028.2,METAR KBOS 220854Z 01009KT 10SM BKN250 11/01 A3036 RMK AO2 SLP279 T01060006 53015,aviationweather_metar
2026-05-22T11:39:11.182564+00:00,2026-05-22T09:54:00+00:00,KBOS,10,6.0,3.086664,,,10.6,0.6,1028.9,METAR KBOS 220954Z 01006KT 10SM BKN220 OVC250 11/01 A3038 RMK AO2 SLP287 T01060006,aviationweather_metar
2026-05-22T11:39:11.182536+00:00,2026-05-22T10:54:00+00:00,KBOS,10,8.0,4.115552,,,11.1,1.7,1029.5,METAR KBOS 221054Z 01008KT 10SM SCT220 BKN250 11/02 A3040 RMK AO2 SLP295 T01110017,aviationweather_metar
2026-05-22T13:59:48.568579+00:00,2026-05-22T12:54:00+00:00,KBOS,30,9.0,4.629996,,,13.3,2.2,1030.9,METAR KBOS 221254Z 03009KT 10SM SCT220 BKN250 13/02 A3044 RMK AO2 SLP308 T01330022,aviationweather_metar
2026-05-22T13:59:48.568550+00:00,2026-05-22T13:54:00+00:00,KBOS,50,12.0,6.173328,,,14.4,0.6,1030.9,METAR KBOS 221354Z 05012KT 10SM SCT220 BKN250 14/01 A3044 RMK AO2 SLP308 T01440006,aviationweather_metar
2026-05-22T16:28:28.531365+00:00,2026-05-22T14:54:00+00:00,KBOS,80,11.0,5.658884,,,15.0,0.6,1030.9,METAR KBOS 221454Z 08011KT 10SM OVC250 15/01 A3044 RMK AO2 SLP307 T01500006 50004,aviationweather_metar
2026-05-22T16:28:28.531333+00:00,2026-05-22T15:54:00+00:00,KBOS,90,11.0,5.658884,,,13.9,1.1,1030.9,METAR KBOS 221554Z 09011KT 10SM BKN220 BKN250 14/01 A3044 RMK AO2 SLP308 T01390011,aviationweather_metar
2026-05-22T18:15:43.124694+00:00,2026-05-22T16:54:00+00:00,KBOS,120,11.0,5.658884,,,13.9,3.9,1030.6,METAR KBOS 221654Z 12011KT 10SM OVC220 14/04 A3043 RMK AO2 SLP302 BINOVC N T01390039,aviationweather_metar
2026-05-22T18:15:43.124664+00:00,2026-05-22T17:54:00+00:00,KBOS,120,10.0,5.14444,,,13.9,3.9,1029.9,METAR KBOS 221754Z 12010KT 10SM OVC220 14/04 A3041 RMK AO2 SLP296 BINOVC N T01390039 10150 20122 58010,aviationweather_metar
2026-05-22T20:17:13.074404+00:00,2026-05-22T18:54:00+00:00,KBOS,130,9.0,4.629996,,,13.9,2.2,1029.2,METAR KBOS 221854Z 13009KT 10SM OVC220 14/02 A3039 RMK AO2 SLP289 T01390022,aviationweather_metar
2026-05-22T20:17:13.074375+00:00,2026-05-22T19:54:00+00:00,KBOS,120,10.0,5.14444,,,14.4,-1.7,1028.5,METAR KBOS 221954Z 12010KT 10SM FEW200 OVC220 14/M02 A3037 RMK AO2 SLP283 BINOVC N T01441017,aviationweather_metar
2026-05-22T21:40:24.163346+00:00,2026-05-22T20:54:00+00:00,KBOS,110,8.0,4.115552,,,14.4,0.0,1028.2,METAR KBOS 222054Z 11008KT 10SM SCT200 OVC220 14/00 A3036 RMK AO2 SLP281 BINOVC N T01440000 56015,aviationweather_metar
2026-05-22T22:39:40.053064+00:00,2026-05-22T21:54:00+00:00,KBOS,120,8.0,4.115552,,,13.9,4.4,1028.5,METAR KBOS 222154Z 12008KT 10SM SCT200 OVC220 14/04 A3037 RMK AO2 SLP283 T01390044,aviationweather_metar
2026-05-22T23:45:07.280534+00:00,2026-05-22T22:54:00+00:00,KBOS,120,8.0,4.115552,,,13.9,3.9,1028.5,METAR KBOS 222254Z 12008KT 10SM FEW200 BKN220 OVC250 14/04 A3037 RMK AO2 SLP283 T01390039,aviationweather_metar
2026-05-23T01:27:38.201744+00:00,2026-05-22T23:54:00+00:00,KBOS,170,9.0,4.629996,,,13.9,3.9,1028.9,METAR KBOS 222354Z 17009KT 10SM FEW180 SCT200 OVC220 14/04 A3038 RMK AO2 SLP288 T01390039 10144 20139 53007,aviationweather_metar
2026-05-23T01:27:38.201716+00:00,2026-05-23T00:54:00+00:00,KBOS,200,8.0,4.115552,,,13.9,1.7,1029.2,METAR KBOS 230054Z 20008KT 10SM FEW200 BKN220 OVC250 14/02 A3039 RMK AO2 SLP292 T01390017,aviationweather_metar
2026-05-23T05:01:14.707903+00:00,2026-05-23T01:54:00+00:00,KBOS,200,8.0,4.115552,,,12.8,2.2,1029.5,METAR KBOS 230154Z 20008KT 10SM FEW200 BKN250 13/02 A3040 RMK AO2 SLP295 T01280022,aviationweather_metar
2026-05-23T05:01:14.707894+00:00,2026-05-23T02:54:00+00:00,KBOS,210,7.0,3.601108,,,13.3,1.1,1029.9,METAR KBOS 230254Z 21007KT 10SM FEW200 OVC250 13/01 A3041 RMK AO2 SLP296 T01330011 51008,aviationweather_metar
2026-05-23T05:01:14.707882+00:00,2026-05-23T03:54:00+00:00,KBOS,230,9.0,4.629996,,,12.8,1.7,1030.2,METAR KBOS 230354Z 23009KT 10SM OVC250 13/02 A3042 RMK AO2 SLP299 T01280017,aviationweather_metar
2026-05-23T05:01:14.707852+00:00,2026-05-23T04:54:00+00:00,KBOS,240,8.0,4.115552,,,13.3,1.7,1029.9,METAR KBOS 230454Z 24008KT 10SM OVC250 13/02 A3041 RMK AO2 SLP298 T01330017 401500100,aviationweather_metar
2026-05-23T07:41:30.398840+00:00,2026-05-23T05:54:00+00:00,KBOS,280,4.0,2.057776,,,13.3,0.6,1030.2,METAR KBOS 230554Z 28004KT 10SM OVC250 13/01 A3042 RMK AO2 SLP299 T01330006 10139 20122 51002,aviationweather_metar
2026-05-23T07:41:30.398814+00:00,2026-05-23T06:54:00+00:00,KBOS,210,4.0,2.057776,,,12.2,3.3,1030.2,METAR KBOS 230654Z 21004KT 10SM OVC250 12/03 A3042 RMK AO2 SLP300 T01220033,aviationweather_metar
2026-05-23T09:25:33.152253+00:00,2026-05-23T07:54:00+00:00,KBOS,230,4.0,2.057776,,,11.7,3.9,1030.6,METAR KBOS 230754Z 23004KT 10SM OVC250 12/04 A3043 RMK AO2 SLP303 T01170039,aviationweather_metar
2026-05-23T09:25:33.152223+00:00,2026-05-23T08:54:00+00:00,KBOS,210,3.0,1.543332,,,11.7,4.4,1030.6,METAR KBOS 230854Z 21003KT 10SM FEW180 OVC230 12/04 A3043 RMK AO2 SLP304 T01170044 51005,aviationweather_metar
2026-05-23T10:49:20.541973+00:00,2026-05-23T09:54:00+00:00,KBOS,280,5.0,2.57222,,,12.8,3.3,1031.6,METAR KBOS 230954Z 28005KT 10SM FEW180 BKN230 13/03 A3046 RMK AO2 SLP313 T01280033,aviationweather_metar
2026-05-23T11:55:14.134994+00:00,2026-05-23T10:54:00+00:00,KBOS,350,3.0,1.543332,,,12.8,3.9,1031.9,METAR KBOS 231054Z 35003KT 10SM FEW180 BKN250 13/04 A3047 RMK AO2 SLP317 T01280039,aviationweather_metar
2026-05-23T13:02:41.039037+00:00,2026-05-23T11:54:00+00:00,KBOS,360,5.0,2.57222,,,13.3,4.4,1032.6,METAR KBOS 231154Z 36005KT 10SM FEW180 BKN250 13/04 A3049 RMK AO2 SLP322 T01330044 10133 20111 51019,aviationweather_metar
2026-05-23T13:02:41.039009+00:00,2026-05-23T12:54:00+00:00,KBOS,40,8.0,4.115552,,,13.9,5.0,1033.3,METAR KBOS 231254Z 04008KT 10SM FEW180 BKN250 14/05 A3051 RMK AO2 SLP332 T01390050,aviationweather_metar
2026-05-23T14:43:14.362782+00:00,2026-05-23T13:54:00+00:00,KBOS,40,9.0,4.629996,,,13.9,6.1,1033.6,METAR KBOS 231354Z 04009KT 10SM BKN170 OVC220 14/06 A3052 RMK AO2 SLP335 T01390061,aviationweather_metar
2026-05-23T15:47:20.244829+00:00,2026-05-23T14:54:00+00:00,KBOS,60,8.0,4.115552,,,15.6,6.1,1033.6,METAR KBOS 231454Z 06008KT 10SM BKN180 OVC220 16/06 A3052 RMK AO2 SLP335 T01560061 51013,aviationweather_metar
2026-05-23T16:51:49.777852+00:00,2026-05-23T15:54:00+00:00,KBOS,70,7.0,3.601108,,,15.6,7.2,1033.9,METAR KBOS 231554Z 07007KT 10SM SCT180 OVC220 16/07 A3053 RMK AO2 SLP336 T01560072,aviationweather_metar
2026-05-23T17:55:22.359686+00:00,2026-05-23T16:54:00+00:00,KBOS,70,8.0,4.115552,,,15.0,8.9,1033.9,METAR KBOS 231654Z 07008KT 10SM SCT180 OVC220 15/09 A3053 RMK AO2 SLP336 T01500089,aviationweather_metar
2026-05-23T18:57:13.838914+00:00,2026-05-23T17:54:00+00:00,KBOS,70,11.0,5.658884,,,14.4,9.4,1033.6,METAR KBOS 231754Z 07011KT 10SM FEW180 BKN200 OVC220 14/09 A3052 RMK AO2 SLP334 T01440094 10161 20133 58001,aviationweather_metar
2026-05-23T20:04:36.454738+00:00,2026-05-23T18:54:00+00:00,KBOS,80,11.0,5.658884,,,13.9,9.4,1033.6,METAR KBOS 231854Z 08011KT 10SM BKN180 OVC220 14/09 A3052 RMK AO2 SLP336 T01390094,aviationweather_metar
2026-05-23T20:04:36.454707+00:00,2026-05-23T19:54:00+00:00,KBOS,90,11.0,5.658884,,,12.8,9.4,1033.6,METAR KBOS 231954Z 09011KT 10SM FEW150 BKN180 OVC220 13/09 A3052 RMK AO2 SLP334 T01280094,aviationweather_metar
2026-05-23T21:07:28.142497+00:00,2026-05-23T20:54:00+00:00,KBOS,100,6.0,3.086664,,,12.8,9.4,1033.6,METAR KBOS 232054Z 10006KT 10SM BKN150 OVC220 13/09 A3052 RMK AO2 SLP333 T01280094 58001,aviationweather_metar
2026-05-23T22:06:43.043137+00:00,2026-05-23T21:54:00+00:00,KBOS,60,8.0,4.115552,,,12.8,10.0,1033.6,METAR KBOS 232154Z 06008KT 10SM BKN140 OVC220 13/10 A3052 RMK AO2 SLP333 T01280100,aviationweather_metar
2026-05-23T23:09:39.416870+00:00,2026-05-23T22:54:00+00:00,KBOS,80,5.0,2.57222,,,12.8,9.4,1033.6,METAR KBOS 232254Z 08005KT 10SM OVC140 13/09 A3052 RMK AO2 SLP333 T01280094,aviationweather_metar
2026-05-24T00:10:25.754256+00:00,2026-05-23T23:54:00+00:00,KBOS,100,5.0,2.57222,,,13.3,8.9,1033.3,METAR KBOS 232354Z 10005KT 10SM OVC140 13/09 A3051 RMK AO2 SLP331 T01330089 10144 20122 58002,aviationweather_metar
2026-05-24T04:37:22.055925+00:00,2026-05-24T00:54:00+00:00,KBOS,60,8.0,4.115552,,,12.8,10.0,1033.6,METAR KBOS 240054Z 06008KT 10SM FEW120 OVC140 13/10 A3052 RMK AO2 SLP333 T01280100,aviationweather_metar
2026-05-24T04:37:22.055916+00:00,2026-05-24T01:54:00+00:00,KBOS,80,4.0,2.057776,,,12.2,10.6,1033.6,METAR KBOS 240154Z 08004KT 10SM FEW120 OVC140 12/11 A3052 RMK AO2 SLP335 T01220106,aviationweather_metar
2026-05-24T04:37:22.055906+00:00,2026-05-24T02:54:00+00:00,KBOS,50,6.0,3.086664,,,12.2,10.6,1033.6,METAR KBOS 240254Z 05006KT 10SM FEW120 OVC150 12/11 A3052 RMK AO2 SLP334 T01220106 50003,aviationweather_metar
2026-05-24T04:37:22.055877+00:00,2026-05-24T03:54:00+00:00,KBOS,120,8.0,4.115552,,,12.2,10.0,1033.9,METAR KBOS 240354Z 12008KT 10SM OVC110 12/10 A3053 RMK AO2 SLP336 T01220100,aviationweather_metar
2026-05-24T07:40:14.034380+00:00,2026-05-24T04:54:00+00:00,KBOS,130,5.0,2.57222,,,12.2,10.0,1033.3,METAR KBOS 240454Z 13005KT 10SM -RA SCT075 OVC100 12/10 A3051 RMK AO2 RAB47 SLP332 P0000 T01220100 401610111,aviationweather_metar
2026-05-24T07:40:14.034369+00:00,2026-05-24T05:54:00+00:00,KBOS,130,4.0,2.057776,,,12.2,9.4,1033.3,METAR KBOS 240554Z 13004KT 10SM FEW080 OVC100 12/09 A3051 RMK AO2 RAE50 SLP330 P0001 60001 T01220094 10128 20122 58004 $,aviationweather_metar
2026-05-24T07:40:14.034345+00:00,2026-05-24T06:54:00+00:00,KBOS,120,4.0,2.057776,,,11.7,8.3,1032.9,METAR KBOS 240654Z 12004KT 10SM BKN110 OVC140 12/08 A3050 RMK AO2 RAB21E43 SLP329 P0000 T01170083 $,aviationweather_metar
2026-05-24T09:31:19.271772+00:00,2026-05-24T07:54:00+00:00,KBOS,120,5.0,2.57222,,,11.7,8.3,1032.9,METAR KBOS 240754Z 12005KT 10SM OVC100 12/08 A3050 RMK AO2 SLP326 T01170083 $,aviationweather_metar
2026-05-24T09:31:19.271739+00:00,2026-05-24T08:54:00+00:00,KBOS,130,5.0,2.57222,,,11.7,6.7,1032.6,METAR KBOS 240854Z 13005KT 10SM OVC095 12/07 A3049 RMK AO2 SLP324 60000 T01170067 58006 $,aviationweather_metar
2026-05-24T11:01:52.414735+00:00,2026-05-24T09:54:00+00:00,KBOS,110,5.0,2.57222,,,11.7,6.7,1032.3,METAR KBOS 240954Z 11005KT 10SM OVC100 12/07 A3048 RMK AO2 SLP322 T01170067 $,aviationweather_metar
2026-05-24T11:01:52.414703+00:00,2026-05-24T10:54:00+00:00,KBOS,110,6.0,3.086664,,,12.2,7.2,1032.6,METAR KBOS 241054Z 11006KT 10SM SCT070 OVC085 12/07 A3049 RMK AO2 SLP324 T01220072 $,aviationweather_metar
2026-05-24T12:10:43.038238+00:00,2026-05-24T11:54:00+00:00,KBOS,100,9.0,4.629996,,,12.2,8.9,1032.9,METAR KBOS 241154Z 10009KT 10SM BKN075 OVC090 12/09 A3050 RMK AO2 RAB1056E23 SLP327 P0000 60000 70001 T01220089 10122 20117 53003 $,aviationweather_metar
2026-05-24T13:57:29.114004+00:00,2026-05-24T12:54:00+00:00,KBOS,80,10.0,5.14444,,,12.2,8.9,1032.9,METAR KBOS 241254Z 08010KT 10SM -RA BKN060 OVC080 12/09 A3050 RMK AO2 RAB45 SLP328 P0000 T01220089 $,aviationweather_metar
2026-05-24T15:01:14.544606+00:00,2026-05-24T13:54:00+00:00,KBOS,90,11.0,5.658884,,,12.2,8.9,1032.9,METAR KBOS 241354Z 09011KT 10SM -RA OVC050 12/09 A3050 RMK AO2 SLP328 P0000 T01220089 $,aviationweather_metar
2026-05-24T15:01:14.544577+00:00,2026-05-24T14:54:00+00:00,KBOS,100,10.0,5.14444,,,12.2,9.4,1032.9,METAR KBOS 241454Z 10010KT 10SM -RA OVC046 12/09 A3050 RMK AO2 SLP326 P0000 60000 T01220094 58001 $,aviationweather_metar
2026-05-24T16:13:20.687650+00:00,2026-05-24T15:54:00+00:00,KBOS,80,10.0,5.14444,,,11.7,10.0,1032.6,METAR KBOS 241554Z 08010KT 10SM -RA FEW026 OVC044 12/10 A3049 RMK AO2 SLP323 P0002 T01170100 $,aviationweather_metar
2026-05-24T17:15:38.540988+00:00,2026-05-24T16:54:00+00:00,KBOS,80,12.0,6.173328,,,11.7,9.4,1031.9,METAR KBOS 241654Z 08012KT 10SM -RA FEW025 OVC040 12/09 A3047 RMK AO2 SLP318 P0000 T01170094 $,aviationweather_metar
2026-05-24T18:34:36.545799+00:00,2026-05-24T17:45:00+00:00,KBOS,80,15.0,7.71666,,,11.7,10.0,1031.2,SPECI KBOS 241745Z 08015KT 7SM -RA SCT010 BKN026 OVC036 12/10 A3045 RMK AO2 P0000 T01170100 $,aviationweather_metar
2026-05-24T18:34:36.545780+00:00,2026-05-24T17:54:00+00:00,KBOS,80,14.0,7.202216,,,11.7,10.0,1031.2,METAR KBOS 241754Z 08014KT 7SM -RA SCT010 BKN026 OVC036 12/10 A3045 RMK AO2 SLP311 P0000 60002 T01170100 10122 20117 58015 $,aviationweather_metar
2026-05-24T18:34:36.545736+00:00,2026-05-24T18:30:00+00:00,KBOS,90,17.0,8.745548,,,11.7,10.6,1030.9,SPECI KBOS 241830Z 09017KT 2SM R04R/5500VP6000FT -RA BR SCT010 OVC022 12/11 A3044 RMK AO2 TWR VIS 3 P0000 T01170106 $,aviationweather_metar
2026-05-24T19:49:47.955104+00:00,2026-05-24T18:39:00+00:00,KBOS,90,14.0,7.202216,,,11.7,10.6,1030.9,SPECI KBOS 241839Z 09014KT 1 3/4SM R04R/5500VP6000FT -RA BR FEW012 BKN022 OVC028 12/11 A3044 RMK AO2 P0001 T01170106 $,aviationweather_metar
2026-05-24T19:49:47.955089+00:00,2026-05-24T18:54:00+00:00,KBOS,80,14.0,7.202216,,,11.7,10.6,1030.6,METAR KBOS 241854Z 08014KT 2 1/2SM -RA BR FEW007 BKN020 OVC026 12/11 A3043 RMK AO2 SLP305 P0003 T01170106 $,aviationweather_metar
2026-05-24T19:49:47.955073+00:00,2026-05-24T19:02:00+00:00,KBOS,80,14.0,7.202216,,,11.7,10.6,1030.6,SPECI KBOS 241902Z 08014KT 3SM -RA BR FEW007 OVC022 12/11 A3043 RMK AO2 P0000 T01170106 $,aviationweather_metar
2026-05-24T19:49:47.955054+00:00,2026-05-24T19:17:00+00:00,KBOS,80,16.0,8.231104,,,11.7,10.6,1030.2,SPECI KBOS 241917Z 08016KT 1 1/2SM -RA BR SCT007 BKN012 OVC022 12/11 A3042 RMK AO2 P0000 T01170106 $,aviationweather_metar
2026-05-24T19:49:47.955010+00:00,2026-05-24T19:42:00+00:00,KBOS,80,13.0,6.687772,,,11.7,10.6,1030.2,SPECI KBOS 241942Z 08013KT 2SM -RA BR SCT007 BKN010 OVC021 12/11 A3042 RMK AO2 P0000 T01170106 $,aviationweather_metar
2026-05-24T20:43:11.060671+00:00,2026-05-24T19:50:00+00:00,KBOS,80,13.0,6.687772,,,12.0,11.0,1030.2,SPECI KBOS 241950Z 08013KT 2SM -RA BR FEW007 BKN019 OVC024 12/11 A3042 RMK AO2 P0000 $,aviationweather_metar
2026-05-24T20:43:11.060663+00:00,2026-05-24T19:54:00+00:00,KBOS,90,14.0,7.202216,,,11.7,10.6,1030.2,METAR KBOS 241954Z 09014KT 2SM -RA BR FEW007 BKN017 OVC024 12/11 A3042 RMK AO2 SLP299 P0000 T01170106 $,aviationweather_metar
2026-05-24T20:43:11.060655+00:00,2026-05-24T20:01:00+00:00,KBOS,80,16.0,8.231104,,,11.7,10.6,1029.9,SPECI KBOS 242001Z 08016KT 3SM -RA BR FEW006 BKN015 OVC020 12/11 A3041 RMK AO2 P0001 T01170106 $,aviationweather_metar
2026-05-24T20:43:11.060646+00:00,2026-05-24T20:11:00+00:00,KBOS,80,16.0,8.231104,,,11.1,10.6,1029.9,SPECI KBOS 242011Z 08016KT 3SM -RA BR BKN010 OVC015 11/11 A3041 RMK AO2 P0001 T01110106 $,aviationweather_metar
2026-05-24T20:43:11.060634+00:00,2026-05-24T20:14:00+00:00,KBOS,90,17.0,8.745548,,,11.1,10.6,1029.9,SPECI KBOS 242014Z 09017KT 3SM -RA BR BKN007 OVC013 11/11 A3041 RMK AO2 P0001 T01110106 $,aviationweather_metar
2026-05-24T20:43:11.060602+00:00,2026-05-24T20:21:00+00:00,KBOS,80,14.0,7.202216,,,11.7,10.6,1029.9,SPECI KBOS 242021Z 08014KT 2SM RA BR SCT007 OVC013 12/11 A3041 RMK AO2 P0002 T01170106 $,aviationweather_metar
2026-05-24T21:39:25.140066+00:00,2026-05-24T20:50:00+00:00,KBOS,90,15.0,7.71666,,,11.0,11.0,1029.5,SPECI KBOS 242050Z 09015KT 1 1/2SM -RA BR BKN007 OVC013 11/11 A3040 RMK AO2 P0006 $,aviationweather_metar
2026-05-24T21:39:25.140031+00:00,2026-05-24T20:54:00+00:00,KBOS,90,14.0,7.202216,,,11.1,10.6,1029.5,METAR KBOS 242054Z 09014KT 1 1/2SM R04R/5500VP6000FT -RA BR OVC007 11/11 A3040 RMK AO2 SLP292 P0007 60010 T01110106 58013 $,aviationweather_metar
2026-05-24T22:39:34.150583+00:00,2026-05-24T21:54:00+00:00,KBOS,80,14.0,7.202216,,,11.1,10.6,1028.5,METAR KBOS 242154Z 08014KT 1 1/2SM R04R/5500VP6000FT RA BR BKN006 OVC012 11/11 A3037 RMK AO2 SLP284 P0006 T01110106 $,aviationweather_metar
2026-05-24T23:42:14.594662+00:00,2026-05-24T22:54:00+00:00,KBOS,70,14.0,7.202216,,,11.7,11.1,1028.2,METAR KBOS 242254Z 07014KT 2 1/2SM -RA BR OVC004 12/11 A3036 RMK AO2 SLP279 P0007 T01170111 $,aviationweather_metar
2026-05-25T01:52:35.031204+00:00,2026-05-24T23:54:00+00:00,KBOS,70,14.0,7.202216,,,11.1,11.1,1027.5,METAR KBOS 242354Z 07014KT 2SM -RA BR OVC004 11/11 A3034 RMK AO2 SLP274 P0007 60030 T01110111 10117 20111 56018 $,aviationweather_metar
2026-05-25T01:52:35.031192+00:00,2026-05-25T00:36:00+00:00,KBOS,80,13.0,6.687772,,,11.1,11.1,1027.2,SPECI KBOS 250036Z 08013KT 4SM -RA BR OVC004 11/11 A3033 RMK AO2 P0002 T01110111 $,aviationweather_metar
2026-05-25T01:52:35.031161+00:00,2026-05-25T00:54:00+00:00,KBOS,70,13.0,6.687772,,,11.7,11.1,1026.8,METAR KBOS 250054Z 07013KT 3SM -RA BR OVC004 12/11 A3032 RMK AO2 SLP267 P0002 T01170111 $,aviationweather_metar
2026-05-25T06:18:53.333138+00:00,2026-05-25T01:54:00+00:00,KBOS,80,11.0,5.658884,,,11.7,11.1,1026.5,METAR KBOS 250154Z 08011KT 4SM -RA BR OVC004 12/11 A3031 RMK AO2 SLP264 P0001 T01170111 $,aviationweather_metar
2026-05-25T06:18:53.333129+00:00,2026-05-25T02:51:00+00:00,KBOS,60,11.0,5.658884,,,12.0,11.0,1025.5,SPECI KBOS 250251Z 06011KT 2 1/2SM -RA BR OVC003 12/11 A3028 RMK AO2 P0001 $,aviationweather_metar
2026-05-25T06:18:53.333120+00:00,2026-05-25T02:54:00+00:00,KBOS,60,10.0,5.14444,,,11.7,11.1,1025.5,METAR KBOS 250254Z 06010KT 2 1/2SM -RA BR OVC003 12/11 A3028 RMK AO2 SLP253 P0001 60004 T01170111 56014 $,aviationweather_metar
2026-05-25T06:18:53.333111+00:00,2026-05-25T03:54:00+00:00,KBOS,60,11.0,5.658884,,,11.7,11.1,1024.1,METAR KBOS 250354Z 06011KT 3SM BR OVC003 12/11 A3024 RMK AO2 RAE35 SLP239 P0001 T01170111 $,aviationweather_metar
2026-05-25T06:18:53.333102+00:00,2026-05-25T04:42:00+00:00,KBOS,60,8.0,4.115552,,,12.2,11.7,1023.1,SPECI KBOS 250442Z 06008KT 2 1/2SM BR OVC002 12/12 A3021 RMK AO2 T01220117 $,aviationweather_metar
2026-05-25T06:18:53.333093+00:00,2026-05-25T04:54:00+00:00,KBOS,70,6.0,3.086664,,,12.2,12.2,1023.1,METAR KBOS 250454Z 07006KT 3SM BR OVC002 12/12 A3021 RMK AO2 SLP228 T01220122 401280111 $,aviationweather_metar
2026-05-25T06:18:53.333082+00:00,2026-05-25T05:22:00+00:00,KBOS,60,6.0,3.086664,,,12.2,12.2,1022.4,SPECI KBOS 250522Z 06006KT 2 1/2SM BR OVC002 12/12 A3019 RMK AO2 T01220122 $,aviationweather_metar
2026-05-25T06:18:53.333071+00:00,2026-05-25T05:38:00+00:00,KBOS,60,5.0,2.57222,,,12.2,12.2,1022.1,SPECI KBOS 250538Z 06005KT 1 1/2SM R04R/5500VP6000FT BR OVC002 12/12 A3018 RMK AO2 T01220122 $,aviationweather_metar
2026-05-25T06:18:53.333041+00:00,2026-05-25T05:54:00+00:00,KBOS,70,5.0,2.57222,,,12.8,12.2,1021.8,METAR KBOS 250554Z 07005KT 3/4SM R04R/4500VP6000FT BR VV002 13/12 A3017 RMK AO2 SLP216 60005 T01280122 10128 20111 56038 $,aviationweather_metar
2026-05-25T10:54:31.087086+00:00,2026-05-25T06:54:00+00:00,KBOS,0,0.0,0.0,,,12.8,12.8,1021.1,METAR KBOS 250654Z 00000KT 1SM R04R/P6000FT BR OVC002 13/13 A3015 RMK AO2 SLP207 T01280128 $,aviationweather_metar
2026-05-25T10:54:31.087070+00:00,2026-05-25T07:54:00+00:00,KBOS,340,3.0,1.543332,,,12.8,12.8,1020.1,METAR KBOS 250754Z 34003KT 1SM R04R/5000V6000FT BR VV003 13/13 A3012 RMK AO2 SLP200 T01280128 $,aviationweather_metar
2026-05-25T10:54:31.087050+00:00,2026-05-25T08:17:00+00:00,KBOS,360,4.0,2.057776,,,12.8,12.8,1019.7,SPECI KBOS 250817Z 36004KT 3/4SM R04R/3000V4000FT BR VV002 13/13 A3011 RMK AO2 T01280128 $,aviationweather_metar
2026-05-25T10:54:31.087029+00:00,2026-05-25T08:54:00+00:00,KBOS,340,4.0,2.057776,,,12.8,12.2,1019.7,METAR KBOS 250854Z 34004KT 1/2SM R04R/2000V2600FT FG VV002 13/12 A3011 RMK AO2 SLP195 T01280122 56021 $,aviationweather_metar
2026-05-25T10:54:31.087009+00:00,2026-05-25T09:25:00+00:00,KBOS,30,4.0,2.057776,,,12.8,12.8,1019.4,SPECI KBOS 250925Z 03004KT 1/4SM R04R/1800V2000FT FG VV002 13/13 A3010 RMK AO2 T01280128 $,aviationweather_metar
2026-05-25T10:54:31.086989+00:00,2026-05-25T09:33:00+00:00,KBOS,20,3.0,1.543332,,,12.8,12.8,1019.4,SPECI KBOS 250933Z 02003KT 1/4SM R04R/1600V3000FT FG VV002 13/13 A3010 RMK AO2 T01280128 $,aviationweather_metar
2026-05-25T10:54:31.086968+00:00,2026-05-25T09:45:00+00:00,KBOS,0,0.0,0.0,,,12.8,12.8,1019.4,SPECI KBOS 250945Z 00000KT 1/4SM R04R/1600V2000FT FG VV002 13/13 A3010 RMK AO2 T01280128 $,aviationweather_metar
2026-05-25T10:54:31.086944+00:00,2026-05-25T09:52:00+00:00,KBOS,10,3.0,1.543332,,,13.0,13.0,1019.4,SPECI KBOS 250952Z 01003KT 1/4SM R04R/1600V2800FT FG VV002 13/13 A3010 RMK AO2 $,aviationweather_metar
2026-05-25T10:54:31.086896+00:00,2026-05-25T09:54:00+00:00,KBOS,10,3.0,1.543332,,,12.8,12.8,1019.4,METAR KBOS 250954Z 01003KT 1/4SM R04R/1800V2800FT FG VV002 13/13 A3010 RMK AO2 SLP192 T01280128 $,aviationweather_metar
2026-05-25T16:16:04.967677+00:00,2026-05-25T10:54:00+00:00,KBOS,0,0.0,0.0,,,12.8,12.8,1019.0,METAR KBOS 251054Z 00000KT 1/2SM R04R/2000V4500FT -RA FG VV003 13/13 A3009 RMK AO2 RAB36 SLP187 P0001 T01280128 $,aviationweather_metar
2026-05-25T16:16:04.967668+00:00,2026-05-25T11:15:00+00:00,KBOS,0,0.0,0.0,,,12.8,12.8,1018.4,SPECI KBOS 251115Z 00000KT 3/4SM R04R/1600V2200FT BR VV003 13/13 A3007 RMK AO2 RAE06 P0000 T01280128 $,aviationweather_metar
2026-05-25T16:16:04.967659+00:00,2026-05-25T11:26:00+00:00,KBOS,0,0.0,0.0,,,12.8,12.8,1018.7,SPECI KBOS 251126Z 00000KT 1SM R04R/1800V2600FT BR OVC003 13/13 A3008 RMK AO2 RAE06 P0000 T01280128 $,aviationweather_metar
2026-05-25T16:16:04.967651+00:00,2026-05-25T11:38:00+00:00,KBOS,20,4.0,2.057776,,,12.8,12.8,1018.4,SPECI KBOS 251138Z 02004KT 1/4SM R04R/5000VP6000FT BR OVC002 13/13 A3007 RMK AO2 SFC VIS 1 1/4 RAE06 P0000 T01280128 $,aviationweather_metar
2026-05-25T16:16:04.967642+00:00,2026-05-25T12:54:00+00:00,KBOS,90,3.0,1.543332,,,13.3,13.3,1017.0,METAR KBOS 251254Z 09003KT 1/2SM R04R/2800V3000FT BR OVC003 13/13 A3003 RMK AO2 SFC VIS 2 SLP169 T01330133 $,aviationweather_metar
2026-05-25T16:16:04.967632+00:00,2026-05-25T13:23:00+00:00,KBOS,0,0.0,0.0,,,13.9,13.3,1017.0,SPECI KBOS 251323Z 00000KT 1SM R04R/4500VP6000FT BR OVC003 14/13 A3003 RMK AO2 SFC VIS 2 1/2 T01390133 $,aviationweather_metar
2026-05-25T16:16:04.967623+00:00,2026-05-25T13:38:00+00:00,KBOS,230,5.0,2.57222,,,13.9,13.9,1017.0,SPECI KBOS 251338Z 23005KT 3/4SM R04R/P6000FT BR OVC003 14/14 A3003 RMK AO2 SFC VIS 2 1/2 T01390139 $,aviationweather_metar
2026-05-25T16:16:04.967614+00:00,2026-05-25T13:54:00+00:00,KBOS,280,5.0,2.57222,,,13.9,13.9,1017.0,METAR KBOS 251354Z 28005KT 1SM R04R/P6000FT -RA BR OVC004 14/14 A3003 RMK AO2 SFC VIS 2 RAB43 SLP168 P0000 T01390139 $,aviationweather_metar
2026-05-25T16:16:04.967606+00:00,2026-05-25T14:17:00+00:00,KBOS,290,9.0,4.629996,16.0,8.231104,13.9,13.3,1017.4,SPECI KBOS 251417Z 29009G16KT 2SM RA BR OVC004 14/13 A3004 RMK AO2 SFC VIS 4 P0001 T01390133 $,aviationweather_metar
2026-05-25T16:16:04.967597+00:00,2026-05-25T14:25:00+00:00,KBOS,290,8.0,4.115552,,,13.9,13.3,1017.4,SPECI KBOS 251425Z 29008KT 4SM RA BR BKN006 OVC010 14/13 A3004 RMK AO2 P0003 T01390133 $,aviationweather_metar
2026-05-25T16:16:04.967587+00:00,2026-05-25T14:54:00+00:00,KBOS,300,8.0,4.115552,,,13.3,13.3,1017.0,METAR KBOS 251454Z 30008KT 9SM -RA FEW006 BKN009 OVC047 13/13 A3003 RMK AO2 SLP168 P0006 60006 T01330133 55012 $,aviationweather_metar
2026-05-25T16:16:04.967575+00:00,2026-05-25T15:26:00+00:00,KBOS,290,6.0,3.086664,,,13.9,13.3,1016.7,SPECI KBOS 251526Z 29006KT 10SM -RA FEW008 OVC010 14/13 A3002 RMK AO2 P0000 T01390133 $,aviationweather_metar
2026-05-25T16:16:04.967544+00:00,2026-05-25T15:54:00+00:00,KBOS,270,7.0,3.601108,,,14.4,13.3,1016.7,METAR KBOS 251554Z 27007KT 10SM FEW008 OVC010 14/13 A3002 RMK AO2 RAE41 SLP166 P0000 T01440133 $,aviationweather_metar
2026-05-25T18:06:57.307772+00:00,2026-05-25T16:54:00+00:00,KBOS,270,9.0,4.629996,,,17.2,14.4,1016.0,METAR KBOS 251654Z 27009KT 10SM BKN013 BKN045 BKN250 17/14 A3000 RMK AO2 SLP159 T01720144 $,aviationweather_metar
2026-05-25T18:06:57.307763+00:00,2026-05-25T17:11:00+00:00,KBOS,250,6.0,3.086664,,,17.8,14.4,1016.0,SPECI KBOS 251711Z 25006KT 10SM SCT014 SCT050 BKN160 BKN250 18/14 A3000 RMK AO2 T01780144 $,aviationweather_metar
2026-05-25T18:06:57.307752+00:00,2026-05-25T17:32:00+00:00,KBOS,270,9.0,4.629996,,,18.9,14.4,1015.7,SPECI KBOS 251732Z 27009KT 10SM BKN018 BKN160 19/14 A2999 RMK AO2 T01890144 $,aviationweather_metar
2026-05-25T18:06:57.307719+00:00,2026-05-25T17:54:00+00:00,KBOS,270,8.0,4.115552,,,18.9,14.4,1015.7,METAR KBOS 251754Z 27008KT 10SM SCT018 BKN160 BKN250 19/14 A2999 RMK AO2 SLP154 60006 T01890144 10194 20133 58014 $,aviationweather_metar
2026-05-25T19:57:36.877284+00:00,2026-05-25T18:54:00+00:00,KBOS,260,8.0,4.115552,,,20.6,15.0,1015.3,METAR KBOS 251854Z 26008KT 10SM BKN024 BKN180 BKN250 21/15 A2998 RMK AO2 SLP153 T02060150 $,aviationweather_metar
2026-05-25T19:57:36.877250+00:00,2026-05-25T19:24:00+00:00,KBOS,250,9.0,4.629996,,,21.1,15.0,1015.3,SPECI KBOS 251924Z 25009KT 10SM SCT026 BKN220 21/15 A2998 RMK AO2 T02110150 $,aviationweather_metar
2026-05-25T21:04:03.710942+00:00,2026-05-25T19:54:00+00:00,KBOS,230,8.0,4.115552,,,21.7,15.6,1015.0,METAR KBOS 251954Z 23008KT 200V270 10SM FEW028 FEW160 BKN250 22/16 A2997 RMK AO2 SLP148 T02170156 $,aviationweather_metar
2026-05-25T21:04:03.710915+00:00,2026-05-25T20:54:00+00:00,KBOS,250,7.0,3.601108,,,23.3,16.1,1014.6,METAR KBOS 252054Z 25007KT 10SM FEW030 SCT250 23/16 A2996 RMK AO2 SLP146 T02330161 58008 $,aviationweather_metar
2026-05-25T22:17:08.068856+00:00,2026-05-25T21:54:00+00:00,KBOS,310,8.0,4.115552,,,24.4,14.4,1014.6,METAR KBOS 252154Z 31008KT 10SM FEW044 SCT250 24/14 A2996 RMK AO2 SLP143 T02440144 $,aviationweather_metar
2026-05-25T23:36:33.059196+00:00,2026-05-25T22:54:00+00:00,KBOS,280,9.0,4.629996,,,24.4,14.4,1014.6,METAR KBOS 252254Z 28009KT 10SM FEW040 SCT250 24/14 A2996 RMK AO2 SLP145 T02440144 $,aviationweather_metar
2026-05-26T01:29:05.415206+00:00,2026-05-25T23:54:00+00:00,KBOS,,4.0,2.057776,,,23.9,14.4,1015.3,METAR KBOS 252354Z VRB04KT 10SM FEW055 SCT250 24/14 A2998 RMK AO2 SLP151 T02390144 10250 20189 53005 $,aviationweather_metar
2026-05-26T01:29:05.415170+00:00,2026-05-26T00:54:00+00:00,KBOS,260,4.0,2.057776,,,22.8,15.6,1016.0,METAR KBOS 260054Z 26004KT 10SM FEW055 FEW250 23/16 A3000 RMK AO2 SLP159 T02280156 $,aviationweather_metar
2026-05-26T05:39:41.777953+00:00,2026-05-26T01:54:00+00:00,KBOS,300,7.0,3.601108,,,21.7,13.3,1016.7,METAR KBOS 260154Z 30007KT 10SM SCT250 22/13 A3002 RMK AO2 SLP167 T02170133 $,aviationweather_metar
2026-05-26T05:39:41.777944+00:00,2026-05-26T02:54:00+00:00,KBOS,280,7.0,3.601108,,,20.6,14.4,1017.4,METAR KBOS 260254Z 28007KT 10SM FEW250 21/14 A3004 RMK AO2 SLP171 T02060144 51020 $,aviationweather_metar
2026-05-26T05:39:41.777932+00:00,2026-05-26T03:54:00+00:00,KBOS,280,6.0,3.086664,,,18.9,15.0,1017.4,METAR KBOS 260354Z 28006KT 10SM FEW110 FEW250 19/15 A3004 RMK AO2 SLP172 T01890150 $,aviationweather_metar
2026-05-26T05:39:41.777901+00:00,2026-05-26T04:54:00+00:00,KBOS,280,9.0,4.629996,,,18.9,14.4,1017.7,METAR KBOS 260454Z 28009KT 10SM FEW250 19/14 A3005 RMK AO2 SLP175 T01890144 402500122 $,aviationweather_metar
2026-05-26T08:54:06.003356+00:00,2026-05-26T05:54:00+00:00,KBOS,300,7.0,3.601108,,,17.2,14.4,1017.7,METAR KBOS 260554Z 30007KT 10SM FEW250 17/14 A3005 RMK AO2 SLP175 T01720144 10239 20172 51004 $,aviationweather_metar
2026-05-26T08:54:06.003344+00:00,2026-05-26T06:54:00+00:00,KBOS,310,6.0,3.086664,,,16.7,13.9,1017.7,METAR KBOS 260654Z 31006KT 10SM FEW250 17/14 A3005 RMK AO2 SLP176 T01670139 $,aviationweather_metar
2026-05-26T08:54:06.003315+00:00,2026-05-26T07:54:00+00:00,KBOS,290,6.0,3.086664,,,16.1,13.9,1017.7,METAR KBOS 260754Z 29006KT 10SM BKN250 16/14 A3005 RMK AO2 SLP176 T01610139 $,aviationweather_metar
2026-05-26T14:58:38.902173+00:00,2026-05-26T08:54:00+00:00,KBOS,210,4.0,2.057776,,,13.9,12.8,1017.7,METAR KBOS 260854Z COR 21004KT 10SM BKN250 14/13 A3005 RMK AO2 SLP176 T01390128 51001 $,aviationweather_metar
2026-05-26T14:58:38.902165+00:00,2026-05-26T09:54:00+00:00,KBOS,290,5.0,2.57222,,,16.1,12.8,1018.0,METAR KBOS 260954Z 29005KT 10SM BKN250 16/13 A3006 RMK AO2 SLP179 T01610128 $,aviationweather_metar
2026-05-26T14:58:38.902157+00:00,2026-05-26T10:54:00+00:00,KBOS,300,6.0,3.086664,,,17.2,12.8,1018.4,METAR KBOS 261054Z 30006KT 10SM BKN250 17/13 A3007 RMK AO2 SLP183 T01720128 $,aviationweather_metar
2026-05-26T14:58:38.902149+00:00,2026-05-26T11:54:00+00:00,KBOS,300,7.0,3.601108,,,18.9,12.2,1018.7,METAR KBOS 261154Z 30007KT 10SM BKN250 19/12 A3008 RMK AO2 SLP186 70006 T01890122 10189 20139 53009,aviationweather_metar
2026-05-26T14:58:38.902139+00:00,2026-05-26T12:54:00+00:00,KBOS,310,7.0,3.601108,,,21.1,12.2,1019.0,METAR KBOS 261254Z 31007KT 10SM BKN250 21/12 A3009 RMK AO2 SLP189 T02110122,aviationweather_metar
2026-05-26T14:58:38.902112+00:00,2026-05-26T13:54:00+00:00,KBOS,10,5.0,2.57222,,,22.8,11.1,1019.0,METAR KBOS 261354Z 01005KT 10SM SCT250 23/11 A3009 RMK AO2 SLP190 T02280111,aviationweather_metar
2026-05-26T17:55:49.434000+00:00,2026-05-26T14:54:00+00:00,KBOS,130,8.0,4.115552,,,21.7,13.3,1018.7,METAR KBOS 261454Z 13008KT 10SM FEW250 22/13 A3008 RMK AO2 SLP186 T02170133 50000,aviationweather_metar
2026-05-26T17:55:49.433988+00:00,2026-05-26T15:54:00+00:00,KBOS,130,8.0,4.115552,,,22.8,11.1,1018.0,METAR KBOS 261554Z 13008KT 10SM FEW045 FEW250 23/11 A3006 RMK AO2 SLP178 T02280111,aviationweather_metar
2026-05-26T17:55:49.433954+00:00,2026-05-26T16:54:00+00:00,KBOS,130,9.0,4.629996,,,23.3,9.4,1017.4,METAR KBOS 261654Z 13009KT 10SM FEW045 FEW250 23/09 A3004 RMK AO2 SLP170 T02330094,aviationweather_metar
2026-05-26T19:59:08.389258+00:00,2026-05-26T17:54:00+00:00,KBOS,120,8.0,4.115552,,,23.3,13.3,1016.3,METAR KBOS 261754Z 12008KT 10SM FEW045 FEW250 23/13 A3001 RMK AO2 SLP162 T02330133 10233 20189 57024,aviationweather_metar
2026-05-26T19:59:08.389242+00:00,2026-05-26T18:54:00+00:00,KBOS,140,9.0,4.629996,,,24.4,14.4,1015.7,METAR KBOS 261854Z 14009KT 10SM FEW045 SCT250 24/14 A2999 RMK AO2 SLP154 T02440144 $,aviationweather_metar
2026-05-26T19:59:08.389215+00:00,2026-05-26T19:54:00+00:00,KBOS,240,11.0,5.658884,20.0,10.28888,28.9,11.7,1014.6,METAR KBOS 261954Z 24011G20KT 10SM FEW045 BKN250 29/12 A2996 RMK AO2 SLP144 T02890117 $,aviationweather_metar
2026-05-26T21:46:27.876004+00:00,2026-05-26T20:54:00+00:00,KBOS,220,11.0,5.658884,,,28.3,11.1,1014.0,METAR KBOS 262054Z 22011KT 10SM FEW045 BKN250 28/11 A2994 RMK AO2 SLP137 T02830111 56025 $,aviationweather_metar
2026-05-26T23:01:45.119256+00:00,2026-05-26T21:54:00+00:00,KBOS,240,13.0,6.687772,25.0,12.8611,28.9,10.6,1013.3,METAR KBOS 262154Z 24013G25KT 10SM FEW050 BKN250 29/11 A2992 RMK AO2 SLP130 T02890106 $,aviationweather_metar
2026-05-26T23:01:45.119225+00:00,2026-05-26T22:54:00+00:00,KBOS,220,14.0,7.202216,,,24.4,13.3,1013.3,METAR KBOS 262254Z 22014KT 10SM BKN250 24/13 A2992 RMK AO2 SLP130 T02440133 $,aviationweather_metar
2026-05-27T00:17:37.905896+00:00,2026-05-26T23:54:00+00:00,KBOS,220,15.0,7.71666,,,23.9,12.8,1013.3,METAR KBOS 262354Z 22015KT 10SM BKN250 24/13 A2992 RMK AO2 PK WND 23027/2344 SLP132 T02390128 10289 20228 55004 $,aviationweather_metar
2026-05-27T04:54:03.123490+00:00,2026-05-27T00:54:00+00:00,KBOS,230,13.0,6.687772,,,23.3,11.7,1013.6,METAR KBOS 270054Z 23013KT 10SM BKN250 23/12 A2993 RMK AO2 SLP134 T02330117 $,aviationweather_metar
2026-05-27T04:54:03.123480+00:00,2026-05-27T01:54:00+00:00,KBOS,240,13.0,6.687772,,,22.2,10.6,1013.6,METAR KBOS 270154Z 24013KT 10SM BKN250 22/11 A2993 RMK AO2 SLP134 T02220106 $,aviationweather_metar
2026-05-27T04:54:03.123468+00:00,2026-05-27T02:54:00+00:00,KBOS,240,12.0,6.173328,,,21.7,10.6,1013.3,METAR KBOS 270254Z 24012KT 10SM SCT250 22/11 A2992 RMK AO2 SLP131 T02170106 58001 $,aviationweather_metar
2026-05-27T04:54:03.123437+00:00,2026-05-27T03:54:00+00:00,KBOS,230,13.0,6.687772,,,21.7,10.6,1012.6,METAR KBOS 270354Z 23013KT 10SM SCT250 22/11 A2990 RMK AO2 PK WND 23026/0332 SLP125 T02170106 $,aviationweather_metar
2026-05-27T08:34:53.544080+00:00,2026-05-27T04:54:00+00:00,KBOS,240,13.0,6.687772,,,21.1,10.6,1012.6,METAR KBOS 270454Z 24013KT 10SM SCT250 21/11 A2990 RMK AO2 SLP123 T02110106 402890139 $,aviationweather_metar
2026-05-27T08:34:53.544070+00:00,2026-05-27T05:54:00+00:00,KBOS,240,15.0,7.71666,,,20.6,11.1,1011.9,METAR KBOS 270554Z 24015KT 10SM SCT250 21/11 A2988 RMK AO2 SLP117 T02060111 10244 20206 57014 $,aviationweather_metar
2026-05-27T08:34:53.544036+00:00,2026-05-27T06:54:00+00:00,KBOS,240,13.0,6.687772,,,20.0,11.1,1011.3,METAR KBOS 270654Z 24013KT 10SM SCT250 20/11 A2986 RMK AO2 PK WND 24026/0606 SLP110 T02000111 $,aviationweather_metar
2026-05-27T08:34:53.544005+00:00,2026-05-27T07:54:00+00:00,KBOS,250,13.0,6.687772,,,20.0,10.6,1010.9,METAR KBOS 270754Z 25013KT 10SM SCT250 20/11 A2985 RMK AO2 SLP108 T02000106 $,aviationweather_metar
2026-05-27T15:36:21.681439+00:00,2026-05-27T08:54:00+00:00,KBOS,250,11.0,5.658884,,,20.0,10.6,1010.9,METAR KBOS 270854Z 25011KT 10SM BKN250 20/11 A2985 RMK AO2 SLP107 T02000106 56009 $,aviationweather_metar
2026-05-27T15:36:21.681430+00:00,2026-05-27T09:54:00+00:00,KBOS,240,10.0,5.14444,,,20.0,10.6,1010.9,METAR KBOS 270954Z 24010KT 10SM BKN250 20/11 A2985 RMK AO2 SLP108 T02000106 $,aviationweather_metar
2026-05-27T15:36:21.681422+00:00,2026-05-27T10:54:00+00:00,KBOS,240,9.0,4.629996,,,20.6,11.7,1010.9,METAR KBOS 271054Z 24009KT 10SM FEW180 OVC230 21/12 A2985 RMK AO2 SLP108 T02060117 $,aviationweather_metar
2026-05-27T15:36:21.681414+00:00,2026-05-27T11:54:00+00:00,KBOS,240,6.0,3.086664,,,22.2,12.8,1010.6,METAR KBOS 271154Z 24006KT 10SM FEW180 OVC230 22/13 A2984 RMK AO2 SLP105 T02220128 10222 20194 58002,aviationweather_metar
2026-05-27T15:36:21.681404+00:00,2026-05-27T12:54:00+00:00,KBOS,260,11.0,5.658884,,,24.4,12.2,1010.2,METAR KBOS 271254Z 26011KT 10SM FEW170 OVC220 24/12 A2983 RMK AO2 SLP101 T02440122,aviationweather_metar
2026-05-27T15:36:21.681392+00:00,2026-05-27T13:54:00+00:00,KBOS,270,10.0,5.14444,,,26.1,12.2,1009.6,METAR KBOS 271354Z 27010KT 10SM FEW180 BKN250 26/12 A2981 RMK AO2 SLP094 T02610122,aviationweather_metar
2026-05-27T15:36:21.681361+00:00,2026-05-27T14:54:00+00:00,KBOS,250,6.0,3.086664,,,26.1,12.8,1008.9,METAR KBOS 271454Z 25006KT 10SM SCT180 BKN250 26/13 A2979 RMK AO2 SLP088 T02610128 58017,aviationweather_metar
2026-05-27T18:13:09.325780+00:00,2026-05-27T15:54:00+00:00,KBOS,270,10.0,5.14444,,,28.3,13.3,1007.9,METAR KBOS 271554Z 27010KT 10SM SCT180 BKN250 28/13 A2976 RMK AO2 SLP078 T02830133,aviationweather_metar
2026-05-27T18:13:09.325771+00:00,2026-05-27T16:54:00+00:00,KBOS,260,10.0,5.14444,,,29.4,13.3,1007.2,METAR KBOS 271654Z 26010KT 10SM FEW180 BKN250 29/13 A2974 RMK AO2 SLP070 T02940133,aviationweather_metar
2026-05-27T18:13:09.325744+00:00,2026-05-27T17:54:00+00:00,KBOS,250,13.0,6.687772,,,29.4,13.3,1006.5,METAR KBOS 271754Z 25013KT 10SM FEW050 FEW180 BKN250 29/13 A2972 RMK AO2 SLP062 T02940133 10294 20222 56026,aviationweather_metar
2026-05-27T20:29:26.515913+00:00,2026-05-27T18:54:00+00:00,KBOS,240,12.0,6.173328,,,29.4,13.9,1005.5,METAR KBOS 271854Z 24012KT 10SM FEW050 FEW180 BKN250 29/14 A2969 RMK AO2 SLP055 T02940139,aviationweather_metar
2026-05-27T20:29:26.515887+00:00,2026-05-27T19:54:00+00:00,KBOS,250,14.0,7.202216,,,28.9,13.3,1005.2,METAR KBOS 271954Z 25014KT 10SM BKN075 BKN180 BKN250 29/13 A2968 RMK AO2 SLP049 T02890133,aviationweather_metar
2026-05-27T22:17:33.710115+00:00,2026-05-27T20:54:00+00:00,KBOS,270,10.0,5.14444,,,30.0,13.3,1004.5,METAR KBOS 272054Z 27010KT 10SM SCT085 SCT180 BKN250 30/13 A2966 RMK AO2 SLP044 T03000133 56018,aviationweather_metar
2026-05-27T22:17:33.710083+00:00,2026-05-27T21:54:00+00:00,KBOS,250,10.0,5.14444,,,29.4,13.9,1004.1,METAR KBOS 272154Z 25010KT 10SM FEW075 29/14 A2965 RMK AO2 SLP040 T02940139,aviationweather_metar
2026-05-27T23:42:12.356594+00:00,2026-05-27T22:54:00+00:00,KBOS,290,9.0,4.629996,20.0,10.28888,30.0,6.1,1004.5,METAR KBOS 272254Z 29009G20KT 10SM FEW080 SCT250 30/06 A2966 RMK AO2 SLP043 T03000061,aviationweather_metar
2026-05-28T01:25:11.130828+00:00,2026-05-27T23:54:00+00:00,KBOS,310,8.0,4.115552,,,28.3,7.2,1004.8,METAR KBOS 272354Z 31008KT 10SM FEW055 SCT080 SCT180 BKN250 28/07 A2967 RMK AO2 SLP048 T02830072 10306 20283 53003,aviationweather_metar
2026-05-28T01:25:11.130800+00:00,2026-05-28T00:54:00+00:00,KBOS,10,8.0,4.115552,,,26.7,11.1,1005.5,METAR KBOS 280054Z 01008KT 10SM FEW055 SCT090 SCT180 OVC250 27/11 A2969 RMK AO2 SLP054 T02670111,aviationweather_metar
2026-05-28T05:42:15.987765+00:00,2026-05-28T01:54:00+00:00,KBOS,350,10.0,5.14444,,,25.0,11.1,1006.5,METAR KBOS 280154Z 35010KT 10SM FEW055 BKN100 BKN250 25/11 A2972 RMK AO2 SLP063 T02500111,aviationweather_metar
2026-05-28T05:42:15.987755+00:00,2026-05-28T02:54:00+00:00,KBOS,350,11.0,5.658884,18.0,9.259992,23.9,9.4,1006.5,METAR KBOS 280254Z 35011G18KT 10SM FEW055 BKN100 BKN250 24/09 A2972 RMK AO2 RAB28E40 SLP065 P0000 60000 T02390094 51018,aviationweather_metar
2026-05-28T05:42:15.987744+00:00,2026-05-28T03:54:00+00:00,KBOS,20,12.0,6.173328,16.0,8.231104,23.3,8.3,1007.2,METAR KBOS 280354Z 02012G16KT 10SM OVC070 23/08 A2974 RMK AO2 SLP069 T02330083,aviationweather_metar
2026-05-28T05:42:15.987715+00:00,2026-05-28T04:54:00+00:00,KBOS,330,7.0,3.601108,,,17.8,13.3,1008.5,METAR KBOS 280454Z 33007KT 10SM -RA OVC085 18/13 A2978 RMK AO2 RAB20 SLP085 P0005 T01780133 403060178,aviationweather_metar
2026-05-28T09:04:59.779488+00:00,2026-05-28T05:54:00+00:00,KBOS,40,9.0,4.629996,,,16.1,12.2,1007.9,METAR KBOS 280554Z 04009KT 10SM -RA OVC080 16/12 A2976 RMK AO2 RAE17B34 SLP078 P0003 60008 T01610122 10283 20161 50013,aviationweather_metar
2026-05-28T09:04:59.779479+00:00,2026-05-28T06:54:00+00:00,KBOS,40,3.0,1.543332,,,15.6,12.2,1007.5,METAR KBOS 280654Z 04003KT 10SM BKN090 16/12 A2975 RMK AO2 RAE09 SLP073 P0000 T01560122,aviationweather_metar
2026-05-28T09:04:59.779467+00:00,2026-05-28T07:54:00+00:00,KBOS,340,6.0,3.086664,,,16.7,11.7,1007.5,METAR KBOS 280754Z 34006KT 10SM SCT100 17/12 A2975 RMK AO2 SLP073 T01670117,aviationweather_metar
2026-05-28T09:04:59.779433+00:00,2026-05-28T08:54:00+00:00,KBOS,330,9.0,4.629996,,,16.1,11.1,1008.2,METAR KBOS 280854Z 33009KT 10SM FEW100 16/11 A2977 RMK AO2 SLP081 60000 T01610111 53003,aviationweather_metar
2026-05-28T12:44:53.934366+00:00,2026-05-28T09:54:00+00:00,KBOS,340,8.0,4.115552,,,16.1,10.0,1008.5,METAR KBOS 280954Z 34008KT 10SM FEW100 16/10 A2978 RMK AO2 SLP085 T01610100,aviationweather_metar
2026-05-28T12:44:53.934354+00:00,2026-05-28T10:54:00+00:00,KBOS,330,8.0,4.115552,,,17.2,10.0,1008.9,METAR KBOS 281054Z 33008KT 10SM FEW100 17/10 A2979 RMK AO2 SLP086 T01720100,aviationweather_metar
2026-05-28T12:44:53.934322+00:00,2026-05-28T11:54:00+00:00,KBOS,350,9.0,4.629996,,,18.9,10.0,1009.2,METAR KBOS 281154Z 35009KT 10SM FEW100 19/10 A2980 RMK AO2 SLP089 60000 70008 T01890100 10189 20156 51008,aviationweather_metar
2026-05-28T16:43:50.154095+00:00,2026-05-28T12:54:00+00:00,KBOS,30,6.0,3.086664,,,20.0,11.1,1009.6,METAR KBOS 281254Z 03006KT 10SM FEW055 FEW100 20/11 A2981 RMK AO2 SLP093 T02000111,aviationweather_metar
2026-05-28T16:43:50.154086+00:00,2026-05-28T13:54:00+00:00,KBOS,340,6.0,3.086664,,,20.6,10.0,1009.2,METAR KBOS 281354Z 34006KT 10SM FEW045 FEW090 21/10 A2980 RMK AO2 SLP091 T02060100,aviationweather_metar
2026-05-28T16:43:50.154076+00:00,2026-05-28T14:54:00+00:00,KBOS,80,11.0,5.658884,,,18.3,11.1,1009.2,METAR KBOS 281454Z 08011KT 10SM SCT048 BKN060 BKN090 18/11 A2980 RMK AO2 SLP092 T01830111 51003,aviationweather_metar
2026-05-28T16:43:50.154049+00:00,2026-05-28T15:54:00+00:00,KBOS,100,14.0,7.202216,,,17.8,13.9,1009.2,METAR KBOS 281554Z 10014KT 10SM FEW021 BKN050 BKN080 18/14 A2980 RMK AO2 RAB30E48 SLP091 P0007 T01780139,aviationweather_metar
2026-05-28T19:23:23.719203+00:00,2026-05-28T16:54:00+00:00,KBOS,110,9.0,4.629996,,,16.7,12.8,1009.6,METAR KBOS 281654Z 11009KT 10SM SCT060 SCT075 BKN090 17/13 A2981 RMK AO2 SLP092 T01670128,aviationweather_metar
2026-05-28T19:23:23.719191+00:00,2026-05-28T17:54:00+00:00,KBOS,130,7.0,3.601108,,,16.7,11.7,1009.2,METAR KBOS 281754Z 13007KT 10SM SCT060 SCT090 BKN110 17/12 A2980 RMK AO2 RAB04E14 SLP090 P0000 60007 T01670117 10206 20156 58002,aviationweather_metar
2026-05-28T19:23:23.719158+00:00,2026-05-28T18:54:00+00:00,KBOS,90,8.0,4.115552,,,17.2,11.1,1009.2,METAR KBOS 281854Z 09008KT 10SM SCT070 BKN110 17/11 A2980 RMK AO2 SLP089 T01720111,aviationweather_metar
2026-05-28T21:29:23.163555+00:00,2026-05-28T19:54:00+00:00,KBOS,160,7.0,3.601108,,,17.2,12.8,1008.9,METAR KBOS 281954Z 16007KT 10SM SCT060 BKN090 BKN110 17/13 A2979 RMK AO2 RAB09E35 SLP087 P0001 T01720128,aviationweather_metar
2026-05-28T22:53:32.981721+00:00,2026-05-28T21:54:00+00:00,KBOS,80,6.0,3.086664,,,17.8,10.6,1009.6,METAR KBOS 282154Z 08006KT 10SM BKN075 BKN090 OVC110 18/11 A2981 RMK AO2 PK WND 06029/2056 SLP093 T01780106,aviationweather_metar
2026-05-29T00:03:39.265902+00:00,2026-05-28T22:54:00+00:00,KBOS,330,10.0,5.14444,22.0,11.317768,20.6,6.1,1009.9,METAR KBOS 282254Z 33010G22KT 10SM SCT065 BKN085 21/06 A2982 RMK AO2 WSHFT 2233 SLP099 T02060061,aviationweather_metar
2026-05-29T00:03:39.265876+00:00,2026-05-28T23:54:00+00:00,KBOS,330,13.0,6.687772,23.0,11.832212,19.4,5.6,1010.6,METAR KBOS 282354Z 33013G23KT 10SM FEW065 BKN090 19/06 A2984 RMK AO2 SLP105 60001 T01940056 10217 20156 53012,aviationweather_metar
2026-05-29T04:40:36.608372+00:00,2026-05-29T00:54:00+00:00,KBOS,330,17.0,8.745548,26.0,13.375544,18.3,6.7,1011.9,METAR KBOS 290054Z 33017G26KT 10SM BKN055 BKN075 18/07 A2988 RMK AO2 PK WND 35029/0041 SLP117 T01830067,aviationweather_metar
2026-05-29T04:40:36.608357+00:00,2026-05-29T01:54:00+00:00,KBOS,330,12.0,6.173328,,,17.2,6.7,1012.6,METAR KBOS 290154Z 33012KT 10SM OVC090 17/07 A2990 RMK AO2 SLP124 T01720067,aviationweather_metar
2026-05-29T04:40:36.608346+00:00,2026-05-29T02:54:00+00:00,KBOS,330,12.0,6.173328,19.0,9.774436,17.2,6.7,1012.6,METAR KBOS 290254Z 33012G19KT 10SM BKN080 OVC095 17/07 A2990 RMK AO2 RAB27E36 SLP123 P0000 60000 T01720067 50018,aviationweather_metar
2026-05-29T04:40:36.608320+00:00,2026-05-29T03:54:00+00:00,KBOS,330,10.0,5.14444,17.0,8.745548,16.1,7.2,1012.6,METAR KBOS 290354Z 33010G17KT 10SM SCT090 16/07 A2990 RMK AO2 SLP124 T01610072,aviationweather_metar
2026-05-29T08:28:53.073107+00:00,2026-05-29T04:54:00+00:00,KBOS,310,9.0,4.629996,,,15.0,7.2,1012.3,METAR KBOS 290454Z 31009KT 10SM FEW090 15/07 A2989 RMK AO2 SLP122 T01500072 402170150,aviationweather_metar
2026-05-29T08:28:53.073097+00:00,2026-05-29T05:54:00+00:00,KBOS,310,9.0,4.629996,,,14.4,7.8,1011.9,METAR KBOS 290554Z 31009KT 10SM FEW090 14/08 A2988 RMK AO2 SLP119 60000 T01440078 10194 20144 58004,aviationweather_metar
2026-05-29T08:28:53.073085+00:00,2026-05-29T06:54:00+00:00,KBOS,290,8.0,4.115552,,,13.9,7.8,1011.9,METAR KBOS 290654Z 29008KT 10SM SCT075 14/08 A2988 RMK AO2 SLP117 T01390078,aviationweather_metar
2026-05-29T08:28:53.073053+00:00,2026-05-29T07:54:00+00:00,KBOS,290,8.0,4.115552,,,13.3,7.8,1011.6,METAR KBOS 290754Z 29008KT 10SM FEW075 13/08 A2987 RMK AO2 SLP116 T01330078,aviationweather_metar
2026-05-29T11:46:44.076611+00:00,2026-05-29T08:54:00+00:00,KBOS,280,6.0,3.086664,,,13.3,7.8,1011.9,METAR KBOS 290854Z 28006KT 10SM SCT080 BKN250 13/08 A2988 RMK AO2 SLP116 T01330078 55002,aviationweather_metar
2026-05-29T11:46:44.076595+00:00,2026-05-29T09:54:00+00:00,KBOS,290,8.0,4.115552,,,13.9,7.8,1011.9,METAR KBOS 290954Z 29008KT 10SM BKN080 BKN250 14/08 A2988 RMK AO2 SLP119 T01390078,aviationweather_metar
2026-05-29T11:46:44.076567+00:00,2026-05-29T10:54:00+00:00,KBOS,290,14.0,7.202216,20.0,10.28888,15.0,8.3,1012.3,METAR KBOS 291054Z 29014G20KT 10SM FEW090 FEW250 15/08 A2989 RMK AO2 SLP119 T01500083,aviationweather_metar
2026-05-29T14:41:12.214838+00:00,2026-05-29T11:54:00+00:00,KBOS,330,16.0,8.231104,25.0,12.8611,16.7,7.8,1011.9,METAR KBOS 291154Z 33016G25KT 10SM FEW090 FEW250 17/08 A2988 RMK AO2 SLP119 70008 T01670078 10167 20133 50003,aviationweather_metar
2026-05-29T14:41:12.214827+00:00,2026-05-29T12:54:00+00:00,KBOS,330,13.0,6.687772,24.0,12.346656,17.8,5.0,1011.9,METAR KBOS 291254Z 33013G24KT 10SM FEW050 FEW090 FEW250 18/05 A2988 RMK AO2 PK WND 33026/1203 SLP118 T01780050,aviationweather_metar
2026-05-29T14:41:12.214800+00:00,2026-05-29T13:54:00+00:00,KBOS,310,16.0,8.231104,25.0,12.8611,18.9,4.4,1010.9,METAR KBOS 291354Z 31016G25KT 10SM FEW050 FEW110 19/04 A2985 RMK AO2 SLP109 T01890044,aviationweather_metar
2026-05-29T17:55:56.816063+00:00,2026-05-29T14:54:00+00:00,KBOS,340,12.0,6.173328,24.0,12.346656,20.0,3.9,1010.9,METAR KBOS 291454Z 34012G24KT 10SM SCT055 SCT110 20/04 A2985 RMK AO2 PK WND 35027/1426 SLP106 T02000039 58014,aviationweather_metar
2026-05-29T17:55:56.816053+00:00,2026-05-29T15:54:00+00:00,KBOS,330,11.0,5.658884,22.0,11.317768,20.0,3.9,1010.2,METAR KBOS 291554Z 33011G22KT 10SM BKN070 BKN110 BKN250 20/04 A2983 RMK AO2 PK WND 32026/1536 SLP100 T02000039,aviationweather_metar
2026-05-29T17:55:56.816027+00:00,2026-05-29T16:54:00+00:00,KBOS,340,11.0,5.658884,23.0,11.832212,21.7,3.3,1009.6,METAR KBOS 291654Z 34011G23KT 10SM BKN085 BKN120 22/03 A2981 RMK AO2 PK WND 31029/1614 SLP094 T02170033,aviationweather_metar
2026-05-29T20:11:05.127291+00:00,2026-05-29T17:54:00+00:00,KBOS,120,13.0,6.687772,,,16.7,10.0,1009.2,METAR KBOS 291754Z 12013KT 10SM BKN075 BKN100 17/10 A2980 RMK AO2 PK WND 34026/1703 WSHFT 1706 SLP091 T01670100 10222 20167 56015,aviationweather_metar
2026-05-29T20:11:05.127278+00:00,2026-05-29T18:54:00+00:00,KBOS,120,10.0,5.14444,,,17.2,7.8,1008.9,METAR KBOS 291854Z 12010KT 10SM BKN080 BKN100 17/08 A2979 RMK AO2 SLP087 T01720078,aviationweather_metar
2026-05-29T20:11:05.127229+00:00,2026-05-29T19:54:00+00:00,KBOS,110,9.0,4.629996,,,16.1,10.6,1008.5,METAR KBOS 291954Z 11009KT 10SM OVC080 16/11 A2978 RMK AO2 SLP082 T01610106,aviationweather_metar
2026-05-29T22:04:56.802984+00:00,2026-05-29T20:54:00+00:00,KBOS,120,8.0,4.115552,,,17.2,11.1,1008.2,METAR KBOS 292054Z 12008KT 10SM BKN070 OVC220 17/11 A2977 RMK AO2 RAB35E51 SLP080 P0000 60000 T01720111 56011,aviationweather_metar
2026-05-29T22:04:56.802933+00:00,2026-05-29T21:54:00+00:00,KBOS,100,10.0,5.14444,,,17.2,10.6,1007.5,METAR KBOS 292154Z 10010KT 10SM -RA OVC090 17/11 A2975 RMK AO2 RAB45 SLP072 P0000 T01720106,aviationweather_metar
2026-05-29T23:41:13.457326+00:00,2026-05-29T22:54:00+00:00,KBOS,110,9.0,4.629996,,,16.1,11.1,1007.2,METAR KBOS 292254Z 11009KT 10SM FEW043 BKN090 OVC110 16/11 A2974 RMK AO2 RAE07B32E52 SLP071 P0000 T01610111,aviationweather_metar
2026-05-30T01:30:36.083392+00:00,2026-05-29T23:54:00+00:00,KBOS,150,7.0,3.601108,,,16.7,11.7,1006.9,METAR KBOS 292354Z 15007KT 10SM -RA SCT075 OVC100 17/12 A2973 RMK AO2 RAB52 SLP068 P0000 60000 T01670117 10178 20156 56012,aviationweather_metar
2026-05-30T01:30:36.083362+00:00,2026-05-30T00:54:00+00:00,KBOS,90,5.0,2.57222,,,16.1,12.2,1006.9,METAR KBOS 300054Z 09005KT 10SM -RA BKN070 BKN090 OVC110 16/12 A2973 RMK AO2 SLP066 P0000 T01610122,aviationweather_metar
2026-05-30T05:33:29.181697+00:00,2026-05-30T01:54:00+00:00,KBOS,110,4.0,2.057776,,,15.0,12.8,1006.5,METAR KBOS 300154Z 11004KT 10SM -RA SCT070 BKN090 15/13 A2972 RMK AO2 RAE0057B22E33B54 SLP064 P0000 T01500128,aviationweather_metar
2026-05-30T05:33:29.181688+00:00,2026-05-30T02:54:00+00:00,KBOS,100,10.0,5.14444,,,15.0,12.2,1005.2,METAR KBOS 300254Z 10010KT 10SM BKN100 15/12 A2968 RMK AO2 RAE09 SLP050 P0000 60000 T01500122 58018,aviationweather_metar
2026-05-30T05:33:29.181676+00:00,2026-05-30T03:54:00+00:00,KBOS,120,15.0,7.71666,,,14.4,12.8,1004.1,METAR KBOS 300354Z 12015KT 10SM FEW090 BKN110 14/13 A2965 RMK AO2 SLP041 T01440128,aviationweather_metar
2026-05-30T05:33:29.181646+00:00,2026-05-30T04:54:00+00:00,KBOS,140,14.0,7.202216,,,14.4,12.2,1002.8,METAR KBOS 300454Z 14014KT 10SM -RA SCT080 BKN090 14/12 A2961 RMK AO2 RAB51 SLP026 P0000 T01440122 402220133,aviationweather_metar
2026-05-30T08:07:35.839776+00:00,2026-05-30T05:54:00+00:00,KBOS,160,8.0,4.115552,,,14.4,12.2,1002.5,METAR KBOS 300554Z 16008KT 10SM BKN039 BKN085 14/12 A2960 RMK AO2 RAE37 SLP024 OCNL LTGIC DSNT NE-SE P0000 60000 T01440122 10167 20144 56025,aviationweather_metar
2026-05-30T08:07:35.839766+00:00,2026-05-30T06:54:00+00:00,KBOS,170,8.0,4.115552,,,13.9,11.7,1002.1,METAR KBOS 300654Z 17008KT 10SM -RA SCT050 BKN080 BKN110 14/12 A2959 RMK AO2 RAB43 SLP019 P0000 T01390117,aviationweather_metar
2026-05-30T08:07:35.839750+00:00,2026-05-30T07:49:00+00:00,KBOS,270,9.0,4.629996,,,14.0,12.0,1002.1,SPECI KBOS 300749Z 27009KT 10SM BKN013 BKN019 OVC110 14/12 A2959 RMK AO2 RAE21 P0001,aviationweather_metar
2026-05-30T08:07:35.839724+00:00,2026-05-30T07:54:00+00:00,KBOS,270,12.0,6.173328,18.0,9.259992,13.9,11.7,1002.5,METAR KBOS 300754Z 27012G18KT 10SM BKN013 BKN027 OVC110 14/12 A2960 RMK AO2 RAE21 SLP021 P0001 T01390117,aviationweather_metar
2026-05-30T10:15:47.222119+00:00,2026-05-30T08:54:00+00:00,KBOS,290,13.0,6.687772,23.0,11.832212,12.2,9.4,1002.8,METAR KBOS 300854Z 29013G23KT 10SM SCT014 SCT027 BKN110 12/09 A2961 RMK AO2 RAB0757E11 SLP025 P0000 60001 T01220094 53001,aviationweather_metar
2026-05-30T10:15:47.222087+00:00,2026-05-30T09:54:00+00:00,KBOS,280,11.0,5.658884,,,11.7,8.9,1003.5,METAR KBOS 300954Z 28011KT 10SM BKN014 BKN027 BKN110 12/09 A2963 RMK AO2 PK WND 29026/0902 SLP032 T01170089,aviationweather_metar
2026-05-30T11:50:10.031886+00:00,2026-05-30T10:54:00+00:00,KBOS,290,10.0,5.14444,,,11.7,8.9,1003.8,METAR KBOS 301054Z 29010KT 10SM BKN014 BKN020 12/09 A2964 RMK AO2 SLP036 T01170089,aviationweather_metar
2026-05-30T13:04:38.955358+00:00,2026-05-30T11:54:00+00:00,KBOS,360,6.0,3.086664,,,12.2,10.0,1004.5,METAR KBOS 301154Z 36006KT 10SM BKN012 OVC019 12/10 A2966 RMK AO2 SLP044 60001 70001 T01220100 10144 20117 53019,aviationweather_metar
2026-05-30T13:04:38.955349+00:00,2026-05-30T12:17:00+00:00,KBOS,40,25.0,12.8611,37.0,19.034428,11.7,10.6,1004.8,SPECI KBOS 301217Z 04025G37KT 8SM BKN006 OVC010 12/11 A2967 RMK AO2 PK WND 05037/1217 RAB07E13 P0000 T01170106,aviationweather_metar
2026-05-30T13:04:38.955339+00:00,2026-05-30T12:36:00+00:00,KBOS,40,28.0,14.404432,43.0,22.121092,10.6,9.4,1005.8,SPECI KBOS 301236Z 04028G43KT 1 3/4SM R04R/4500VP6000FT -RA BR OVC007 11/09 A2970 RMK AO2 PK WND 02043/1232 RAB07E13B28 PRESRR P0000 T01060094,aviationweather_metar
2026-05-30T13:04:38.955313+00:00,2026-05-30T12:54:00+00:00,KBOS,40,26.0,13.375544,42.0,21.606648,10.0,8.9,1006.5,METAR KBOS 301254Z 04026G42KT 2SM R04R/4500VP6000FT -RA BR BKN007 BKN012 OVC018 10/09 A2972 RMK AO2 PK WND 02043/1232 RAB07E13B28 PRESRR SLP064 P0001 T01000089,aviationweather_metar
2026-05-30T14:46:55.616095+00:00,2026-05-30T13:54:00+00:00,KBOS,20,28.0,14.404432,47.0,24.178868,8.3,7.8,1008.2,METAR KBOS 301354Z 02028G47KT 2SM R04R/4500VP6000FT RA BR OVC009 08/08 A2977 RMK AO2 PK WND 02047/1352 SLP082 P0018 T00830078,aviationweather_metar
2026-05-30T15:59:11.361006+00:00,2026-05-30T14:54:00+00:00,KBOS,30,34.0,17.491096,48.0,24.693312,8.3,6.7,1010.6,METAR KBOS 301454Z 03034G48KT 2 1/2SM -RA BR SCT009 BKN012 OVC017 08/07 A2984 RMK AO2 PK WND 02048/1448 SLP103 P0005 60024 T00830067 53059,aviationweather_metar
2026-05-30T15:59:11.360980+00:00,2026-05-30T15:54:00+00:00,KBOS,20,30.0,15.43332,47.0,24.178868,7.8,5.6,1012.3,METAR KBOS 301554Z 02030G47KT 3SM -RA BR BKN013 OVC023 08/06 A2989 RMK AO2 PK WND 02048/1518 SLP121 P0003 T00780056,aviationweather_metar
2026-05-30T17:07:15.900686+00:00,2026-05-30T16:17:00+00:00,KBOS,20,32.0,16.462208,47.0,24.178868,7.8,6.1,1013.0,SPECI KBOS 301617Z 02032G47KT 5SM -RA BR FEW009 BKN016 OVC022 08/06 A2991 RMK AO2 PK WND 02047/1611 P0001 T00780061,aviationweather_metar
2026-05-30T17:07:15.900676+00:00,2026-05-30T16:54:00+00:00,KBOS,30,23.0,11.832212,37.0,19.034428,7.8,6.7,1014.0,METAR KBOS 301654Z 03023G37KT 5SM -RA BR FEW009 BKN018 OVC030 08/07 A2994 RMK AO2 PK WND 02047/1611 SLP136 P0003 T00780067,aviationweather_metar
2026-05-30T17:07:15.900650+00:00,2026-05-30T17:01:00+00:00,KBOS,30,24.0,12.346656,35.0,18.00554,7.8,6.1,1014.0,SPECI KBOS 301701Z 03024G35KT 4SM -RA BR BKN013 OVC026 08/06 A2994 RMK AO2 PK WND 03035/1658 P0001 T00780061,aviationweather_metar
2026-05-30T18:14:55.802668+00:00,2026-05-30T17:43:00+00:00,KBOS,30,28.0,14.404432,39.0,20.063316,7.8,6.1,1014.6,SPECI KBOS 301743Z 03028G39KT 1 1/2SM -RA BR BKN013 OVC022 08/06 A2996 RMK AO2 PK WND 03039/1742 P0002 T00780061,aviationweather_metar
2026-05-30T18:14:55.802658+00:00,2026-05-30T17:54:00+00:00,KBOS,20,26.0,13.375544,37.0,19.034428,7.8,5.6,1015.0,METAR KBOS 301754Z 02026G37KT 1 1/2SM -RA BR SCT013 BKN017 OVC042 08/06 A2997 RMK AO2 PK WND 03039/1742 SLP147 P0002 60032 T00780056 10122 20078 51045,aviationweather_metar
2026-05-30T18:14:55.802633+00:00,2026-05-30T18:09:00+00:00,KBOS,20,25.0,12.8611,38.0,19.548872,7.8,6.1,1015.3,SPECI KBOS 301809Z 02025G38KT 2SM -RA BR BKN016 BKN022 OVC033 08/06 A2998 RMK AO2 PK WND 04038/1805 P0000 T00780061,aviationweather_metar
2026-05-30T19:41:47.364288+00:00,2026-05-30T18:27:00+00:00,KBOS,20,26.0,13.375544,35.0,18.00554,7.8,5.0,1015.3,SPECI KBOS 301827Z 02026G35KT 5SM -RA SCT017 BKN023 OVC046 08/05 A2998 RMK AO2 PK WND 04038/1805 CIG 017 E P0000 T00780050,aviationweather_metar
2026-05-30T19:41:47.364264+00:00,2026-05-30T18:54:00+00:00,KBOS,30,25.0,12.8611,35.0,18.00554,7.8,5.6,1015.7,METAR KBOS 301854Z 03025G35KT 5SM -RA BR SCT020 BKN026 OVC037 08/06 A2999 RMK AO2 PK WND 04038/1805 CIG 021 E SLP156 P0000 T00780056,aviationweather_metar
2026-05-30T20:37:14.636869+00:00,2026-05-30T19:54:00+00:00,KBOS,20,15.0,7.71666,25.0,12.8611,8.3,6.1,1016.3,METAR KBOS 301954Z 02015G25KT 8SM -RA SCT017 BKN022 OVC031 08/06 A3001 RMK AO2 PK WND 02034/1855 SLP162 P0002 T00830061,aviationweather_metar
2026-05-30T20:37:14.636860+00:00,2026-05-30T20:02:00+00:00,KBOS,10,19.0,9.774436,25.0,12.8611,8.3,6.1,1016.3,SPECI KBOS 302002Z 01019G25KT 10SM FEW017 SCT022 OVC032 08/06 A3001 RMK AO2 RAE00 CIG 027 E P0000 T00830061,aviationweather_metar
2026-05-30T20:37:14.636849+00:00,2026-05-30T20:22:00+00:00,KBOS,10,18.0,9.259992,25.0,12.8611,8.9,5.6,1016.7,SPECI KBOS 302022Z 01018G25KT 10SM -RA SCT022 BKN027 OVC034 09/06 A3002 RMK AO2 PK WND 01027/2008 RAE00B20 P0000 T00890056,aviationweather_metar
2026-05-30T20:37:14.636824+00:00,2026-05-30T20:34:00+00:00,KBOS,20,17.0,8.745548,26.0,13.375544,8.9,5.6,1016.7,SPECI KBOS 302034Z 02017G26KT 10SM SCT024 OVC037 09/06 A3002 RMK AO2 PK WND 01027/2008 RAE00B20E29 CIG 026 E P0000 T00890056,aviationweather_metar
2026-05-30T21:39:59.654665+00:00,2026-05-30T20:54:00+00:00,KBOS,20,16.0,8.231104,,,9.4,5.6,1017.0,METAR KBOS 302054Z 02016KT 10SM FEW022 BKN034 OVC047 09/06 A3003 RMK AO2 PK WND 01027/2008 RAE00B20E29 SLP168 P0000 60002 T00940056 51020,aviationweather_metar
2026-05-30T22:37:06.759426+00:00,2026-05-30T21:54:00+00:00,KBOS,20,13.0,6.687772,25.0,12.8611,10.0,5.6,1017.4,METAR KBOS 302154Z 02013G25KT 10SM SCT026 SCT038 OVC050 10/06 A3004 RMK AO2 PK WND 03026/2136 SLP173 T01000056,aviationweather_metar
2026-05-30T23:40:59.271487+00:00,2026-05-30T22:54:00+00:00,KBOS,10,15.0,7.71666,24.0,12.346656,10.0,5.6,1017.7,METAR KBOS 302254Z 01015G24KT 10SM OVC044 10/06 A3005 RMK AO2 PK WND 04029/2206 SLP176 BINOVC W T01000056,aviationweather_metar
2026-05-31T01:51:20.470227+00:00,2026-05-30T23:54:00+00:00,KBOS,30,13.0,6.687772,,,9.4,4.4,1017.7,METAR KBOS 302354Z 03013KT 10SM FEW045 FEW220 09/04 A3005 RMK AO2 SLP174 60002 T00940044 10106 20078 50006,aviationweather_metar
2026-05-31T01:51:20.470195+00:00,2026-05-31T00:54:00+00:00,KBOS,350,7.0,3.601108,,,9.4,4.4,1017.7,METAR KBOS 310054Z 35007KT 10SM FEW080 FEW220 09/04 A3005 RMK AO2 SLP177 T00940044,aviationweather_metar
2026-05-31T06:09:46.504167+00:00,2026-05-31T01:54:00+00:00,KBOS,350,6.0,3.086664,,,8.9,4.4,1018.0,METAR KBOS 310154Z 35006KT 10SM FEW080 09/04 A3006 RMK AO2 SLP179 T00890044,aviationweather_metar
2026-05-31T06:09:46.504158+00:00,2026-05-31T02:54:00+00:00,KBOS,330,7.0,3.601108,,,8.3,4.4,1018.0,METAR KBOS 310254Z 33007KT 10SM FEW250 08/04 A3006 RMK AO2 SLP178 T00830044 50004,aviationweather_metar
2026-05-31T06:09:46.504147+00:00,2026-05-31T03:54:00+00:00,KBOS,320,7.0,3.601108,,,8.3,4.4,1018.0,METAR KBOS 310354Z 32007KT 10SM CLR 08/04 A3006 RMK AO2 SLP177 T00830044,aviationweather_metar
2026-05-31T06:09:46.504135+00:00,2026-05-31T04:54:00+00:00,KBOS,290,8.0,4.115552,,,8.3,4.4,1017.4,METAR KBOS 310454Z 29008KT 10SM CLR 08/04 A3004 RMK AO2 SLP171 T00830044 401440078,aviationweather_metar
2026-05-31T06:09:46.504110+00:00,2026-05-31T05:54:00+00:00,KBOS,290,6.0,3.086664,,,7.8,4.4,1016.7,METAR KBOS 310554Z 29006KT 10SM CLR 08/04 A3002 RMK AO2 SLP166 T00780044 10094 20078 58012,aviationweather_metar
2026-05-31T09:22:53.263541+00:00,2026-05-31T06:54:00+00:00,KBOS,290,8.0,4.115552,,,7.8,3.9,1016.7,METAR KBOS 310654Z 29008KT 10SM CLR 08/04 A3002 RMK AO2 SLP164 T00780039,aviationweather_metar
2026-05-31T09:22:53.263528+00:00,2026-05-31T07:54:00+00:00,KBOS,290,7.0,3.601108,,,7.2,4.4,1016.0,METAR KBOS 310754Z 29007KT 10SM CLR 07/04 A3000 RMK AO2 SLP160 T00720044,aviationweather_metar
2026-05-31T09:22:53.263499+00:00,2026-05-31T08:54:00+00:00,KBOS,280,8.0,4.115552,,,7.2,4.4,1015.7,METAR KBOS 310854Z 28008KT 10SM FEW045 07/04 A2999 RMK AO2 SLP156 T00720044 58009,aviationweather_metar
2026-05-31T11:13:41.540202+00:00,2026-05-31T09:54:00+00:00,KBOS,280,7.0,3.601108,,,7.8,4.4,1016.0,METAR KBOS 310954Z 28007KT 10SM FEW050 FEW250 08/04 A3000 RMK AO2 SLP157 T00780044,aviationweather_metar
2026-05-31T11:13:41.540170+00:00,2026-05-31T10:54:00+00:00,KBOS,290,8.0,4.115552,,,8.9,4.4,1015.3,METAR KBOS 311054Z 29008KT 10SM FEW050 FEW250 09/04 A2998 RMK AO2 SLP153 T00890044,aviationweather_metar
2026-05-31T12:21:17.753807+00:00,2026-05-31T11:54:00+00:00,KBOS,,6.0,3.086664,,,11.1,5.0,1015.3,METAR KBOS 311154Z VRB06KT 10SM FEW050 FEW180 SCT250 11/05 A2998 RMK AO2 SLP151 70034 T01110050 10111 20067 58005,aviationweather_metar
2026-05-31T14:16:18.078127+00:00,2026-05-31T12:54:00+00:00,KBOS,290,8.0,4.115552,,,14.4,5.0,1014.6,METAR KBOS 311254Z 29008KT 10SM FEW050 FEW180 SCT250 14/05 A2996 RMK AO2 SLP146 T01440050,aviationweather_metar
2026-05-31T14:16:18.078096+00:00,2026-05-31T13:54:00+00:00,KBOS,290,6.0,3.086664,,,17.2,5.6,1014.3,METAR KBOS 311354Z 29006KT 10SM FEW050 FEW180 SCT250 17/06 A2995 RMK AO2 SLP140 T01720056,aviationweather_metar
2026-05-31T15:46:02.597097+00:00,2026-05-31T14:54:00+00:00,KBOS,350,4.0,2.057776,,,19.4,3.9,1014.0,METAR KBOS 311454Z 35004KT 10SM FEW070 FEW180 BKN250 19/04 A2994 RMK AO2 SLP137 T01940039 56015,aviationweather_metar
2026-05-31T16:57:30.906971+00:00,2026-05-31T15:54:00+00:00,KBOS,,4.0,2.057776,,,19.4,7.2,1013.0,METAR KBOS 311554Z VRB04KT 10SM FEW050 SCT180 BKN250 19/07 A2991 RMK AO2 SLP129 T01940072,aviationweather_metar
2026-05-31T16:57:30.906939+00:00,2026-05-31T16:54:00+00:00,KBOS,150,7.0,3.601108,,,17.2,6.7,1012.6,METAR KBOS 311654Z 15007KT 10SM SCT050 SCT180 BKN250 17/07 A2990 RMK AO2 SLP123 T01720067,aviationweather_metar
2026-05-31T17:59:10.763438+00:00,2026-05-31T17:54:00+00:00,KBOS,300,9.0,4.629996,,,19.4,6.1,1011.9,METAR KBOS 311754Z 30009KT 10SM BKN070 OVC090 19/06 A2988 RMK AO2 RAB1657E07 SLP118 P0000 60000 T01940061 10200 20111 56019,aviationweather_metar
2026-05-31T19:19:17.232733+00:00,2026-05-31T18:54:00+00:00,KBOS,300,4.0,2.057776,,,16.7,8.3,1012.3,METAR KBOS 311854Z 30004KT 10SM -RA BKN065 BKN075 OVC095 17/08 A2989 RMK AO2 PK WND 30028/1835 RAB34 SLP120 P0001 T01670083,aviationweather_metar
2026-05-31T20:36:02.444646+00:00,2026-05-31T19:54:00+00:00,KBOS,280,7.0,3.601108,,,17.8,7.8,1011.3,METAR KBOS 311954Z 28007KT 10SM SCT065 BKN110 18/08 A2986 RMK AO2 RAE02 SLP112 P0000 T01780078,aviationweather_metar
2026-05-31T21:39:22.632385+00:00,2026-05-31T20:54:00+00:00,KBOS,280,6.0,3.086664,,,14.4,9.4,1012.3,METAR KBOS 312054Z 28006KT 10SM BKN070 OVC095 14/09 A2989 RMK AO2 PK WND 33033/2019 RAB19E50 SLP119 P0002 60003 T01440094 53002,aviationweather_metar
2026-05-31T22:39:36.714698+00:00,2026-05-31T21:54:00+00:00,KBOS,140,3.0,1.543332,,,14.4,10.0,1011.6,METAR KBOS 312154Z 14003KT 10SM SCT070 BKN095 14/10 A2987 RMK AO2 SLP116 T01440100,aviationweather_metar
2026-05-31T23:43:40.137475+00:00,2026-05-31T22:54:00+00:00,KBOS,60,3.0,1.543332,,,12.8,10.6,1012.3,METAR KBOS 312254Z 06003KT 6SM -RA BR OVC065 13/11 A2989 RMK AO2 RAB38 SLP121 P0000 T01280106,aviationweather_metar
2026-06-01T02:01:44.831791+00:00,2026-05-31T23:54:00+00:00,KBOS,260,7.0,3.601108,,,13.3,11.1,1012.3,METAR KBOS 312354Z 26007KT 230V300 6SM -RA BR OVC060 13/11 A2989 RMK AO2 SLP122 P0007 60010 T01330111 10200 20122 53003,aviationweather_metar
2026-06-01T02:01:44.831765+00:00,2026-06-01T01:54:00+00:00,KBOS,240,10.0,5.14444,20.0,10.28888,13.9,10.6,1011.6,METAR KBOS 010154Z 24010G20KT 10SM SCT065 OVC110 14/11 A2987 RMK AO2 RAE01 SLP115 P0000 T01390106,aviationweather_metar
2026-06-01T07:21:45.980677+00:00,2026-06-01T02:54:00+00:00,KBOS,280,8.0,4.115552,19.0,9.774436,13.9,10.0,1012.6,METAR KBOS 010254Z 28008G19KT 10SM FEW055 BKN070 OVC100 14/10 A2990 RMK AO2 RAB19E29 SLP123 P0000 60004 T01390100 53000,aviationweather_metar
2026-06-01T07:21:45.980668+00:00,2026-06-01T03:54:00+00:00,KBOS,260,9.0,4.629996,15.0,7.71666,13.3,9.4,1012.3,METAR KBOS 010354Z 26009G15KT 10SM FEW055 BKN100 BKN250 13/09 A2989 RMK AO2 SLP120 T01330094,aviationweather_metar
2026-06-01T07:21:45.980659+00:00,2026-06-01T04:54:00+00:00,KBOS,260,11.0,5.658884,,,12.8,8.9,1012.3,METAR KBOS 010454Z 26011KT 10SM BKN060 BKN250 13/09 A2989 RMK AO2 SLP121 T01280089 402000067,aviationweather_metar
2026-06-01T07:21:45.980647+00:00,2026-06-01T05:54:00+00:00,KBOS,300,9.0,4.629996,,,11.7,8.9,1012.6,METAR KBOS 010554Z 30009KT 10SM BKN070 12/09 A2990 RMK AO2 SLP124 60004 T01170089 10144 20117 53001,aviationweather_metar
2026-06-01T07:21:45.980614+00:00,2026-06-01T06:54:00+00:00,KBOS,320,8.0,4.115552,,,10.6,8.9,1013.0,METAR KBOS 010654Z 32008KT 10SM CLR 11/09 A2991 RMK AO2 SLP126 T01060089,aviationweather_metar
2026-06-01T13:08:27.846933+00:00,2026-06-01T07:54:00+00:00,KBOS,330,8.0,4.115552,,,10.0,8.3,1013.3,METAR KBOS 010754Z 33008KT 10SM FEW065 FEW250 10/08 A2992 RMK AO2 SLP130 T01000083,aviationweather_metar
2026-06-01T13:08:27.846927+00:00,2026-06-01T08:54:00+00:00,KBOS,350,9.0,4.629996,,,9.4,8.3,1013.6,METAR KBOS 010854Z 35009KT 10SM FEW020 FEW055 09/08 A2993 RMK AO2 SLP133 T00940083 53009,aviationweather_metar
2026-06-01T13:08:27.846920+00:00,2026-06-01T09:01:00+00:00,KBOS,350,9.0,4.629996,,,9.4,8.3,1013.6,SPECI KBOS 010901Z 35009KT 10SM SCT007 09/08 A2993 RMK AO2 T00940083,aviationweather_metar
2026-06-01T13:08:27.846914+00:00,2026-06-01T09:12:00+00:00,KBOS,340,7.0,3.601108,,,9.4,8.3,1013.6,SPECI KBOS 010912Z 34007KT 10SM BKN007 09/08 A2993 RMK AO2 T00940083,aviationweather_metar
2026-06-01T13:08:27.846907+00:00,2026-06-01T09:27:00+00:00,KBOS,340,7.0,3.601108,,,9.4,8.3,1014.0,SPECI KBOS 010927Z 34007KT 10SM SCT007 09/08 A2994 RMK AO2 T00940083,aviationweather_metar
2026-06-01T13:08:27.846900+00:00,2026-06-01T09:54:00+00:00,KBOS,340,6.0,3.086664,,,10.0,8.3,1014.3,METAR KBOS 010954Z 34006KT 10SM FEW007 BKN021 BKN065 10/08 A2995 RMK AO2 SLP140 T01000083 $,aviationweather_metar
2026-06-01T13:08:27.846893+00:00,2026-06-01T10:54:00+00:00,KBOS,10,8.0,4.115552,,,10.6,8.9,1015.0,METAR KBOS 011054Z 01008KT 10SM SCT011 OVC021 11/09 A2997 RMK AO2 SLP149 T01060089 $,aviationweather_metar
2026-06-01T13:08:27.846886+00:00,2026-06-01T11:30:00+00:00,KBOS,50,14.0,7.202216,,,10.0,8.3,1015.7,SPECI KBOS 011130Z 05014KT 4SM -RA BR BKN012 BKN018 OVC026 10/08 A2999 RMK AO2 RAB24 P0000 T01000083,aviationweather_metar
2026-06-01T13:08:27.846879+00:00,2026-06-01T11:52:00+00:00,KBOS,50,15.0,7.71666,22.0,11.317768,11.0,8.0,1016.0,SPECI KBOS 011152Z 05015G22KT 10SM SCT013 BKN020 OVC025 11/08 A3000 RMK AO2 RAB24E45 P0000,aviationweather_metar
2026-06-01T13:08:27.846868+00:00,2026-06-01T11:54:00+00:00,KBOS,50,15.0,7.71666,,,10.6,8.3,1016.0,METAR KBOS 011154Z 05015KT 10SM FEW010 BKN020 OVC027 11/08 A3000 RMK AO2 RAB24E45 SLP159 P0000 60000 70014 T01060083 10117 20094 51019,aviationweather_metar
2026-06-01T13:08:27.846860+00:00,2026-06-01T12:43:00+00:00,KBOS,50,17.0,8.745548,22.0,11.317768,11.1,7.2,1016.7,SPECI KBOS 011243Z 05017G22KT 10SM FEW020 OVC032 11/07 A3002 RMK AO2 T01110072,aviationweather_metar
2026-06-01T13:08:27.846835+00:00,2026-06-01T12:54:00+00:00,KBOS,50,14.0,7.202216,19.0,9.774436,11.1,7.2,1017.0,METAR KBOS 011254Z 05014G19KT 10SM FEW022 OVC034 11/07 A3003 RMK AO2 SLP167 T01110072,aviationweather_metar
2026-06-01T18:49:34.160321+00:00,2026-06-01T13:54:00+00:00,KBOS,50,13.0,6.687772,,,12.8,7.8,1017.7,METAR KBOS 011354Z 05013KT 10SM FEW018 SCT050 BKN070 13/08 A3005 RMK AO2 SLP174 T01280078,aviationweather_metar
2026-06-01T18:49:34.160313+00:00,2026-06-01T14:54:00+00:00,KBOS,70,11.0,5.658884,,,12.8,8.3,1018.4,METAR KBOS 011454Z 07011KT 10SM SCT017 SCT070 13/08 A3007 RMK AO2 SLP182 T01280083 52023,aviationweather_metar
2026-06-01T18:49:34.160304+00:00,2026-06-01T15:54:00+00:00,KBOS,80,12.0,6.173328,,,12.2,7.8,1018.7,METAR KBOS 011554Z 08012KT 10SM SCT025 SCT070 12/08 A3008 RMK AO2 SLP187 T01220078,aviationweather_metar
2026-06-01T18:49:34.160293+00:00,2026-06-01T16:54:00+00:00,KBOS,80,10.0,5.14444,,,12.8,7.8,1019.4,METAR KBOS 011654Z 08010KT 10SM SCT035 SCT065 13/08 A3010 RMK AO2 SLP192 T01280078,aviationweather_metar
2026-06-01T18:49:34.160263+00:00,2026-06-01T17:54:00+00:00,KBOS,90,10.0,5.14444,,,13.3,5.0,1019.7,METAR KBOS 011754Z 09010KT 10SM FEW035 FEW065 13/05 A3011 RMK AO2 SLP194 T01330050 10139 20106 51012,aviationweather_metar
2026-06-01T23:25:33.024004+00:00,2026-06-01T18:54:00+00:00,KBOS,100,9.0,4.629996,,,13.9,4.4,1019.4,METAR KBOS 011854Z 10009KT 10SM FEW040 FEW065 14/04 A3010 RMK AO2 SLP194 T01390044,aviationweather_metar
2026-06-01T23:25:33.023995+00:00,2026-06-01T19:54:00+00:00,KBOS,80,9.0,4.629996,,,13.3,4.4,1020.1,METAR KBOS 011954Z 08009KT 10SM FEW040 FEW065 13/04 A3012 RMK AO2 SLP198 T01330044,aviationweather_metar
2026-06-01T23:25:33.023986+00:00,2026-06-01T20:54:00+00:00,KBOS,130,8.0,4.115552,,,13.3,6.1,1019.7,METAR KBOS 012054Z 13008KT 10SM FEW040 FEW065 13/06 A3011 RMK AO2 SLP196 T01330061 50002,aviationweather_metar
2026-06-01T23:25:33.023973+00:00,2026-06-01T21:54:00+00:00,KBOS,150,5.0,2.57222,,,12.8,6.1,1020.1,METAR KBOS 012154Z COR 15005KT 10SM FEW045 13/06 A3012 RMK AO2 SLP198 T01280061,aviationweather_metar
2026-06-01T23:25:33.023924+00:00,2026-06-01T22:54:00+00:00,KBOS,120,4.0,2.057776,,,13.3,5.0,1020.4,METAR KBOS 012254Z 12004KT 10SM FEW045 13/05 A3013 RMK AO2 SLP201 T01330050,aviationweather_metar
2026-06-02T01:43:10.513764+00:00,2026-06-01T23:54:00+00:00,KBOS,170,4.0,2.057776,,,13.3,4.4,1020.7,METAR KBOS 012354Z 17004KT 10SM FEW045 13/04 A3014 RMK AO2 SLP205 T01330044 10144 20128 53008,aviationweather_metar
2026-06-02T01:43:10.513732+00:00,2026-06-02T00:54:00+00:00,KBOS,170,5.0,2.57222,,,12.8,3.3,1020.7,METAR KBOS 020054Z 17005KT 10SM FEW045 13/03 A3014 RMK AO2 SLP205 T01280033,aviationweather_metar
2026-06-02T06:22:02.225934+00:00,2026-06-02T01:54:00+00:00,KBOS,190,4.0,2.057776,,,12.8,5.6,1020.7,METAR KBOS 020154Z 19004KT 10SM CLR 13/06 A3014 RMK AO2 SLP206 T01280056,aviationweather_metar
2026-06-02T06:22:02.225926+00:00,2026-06-02T02:54:00+00:00,KBOS,210,6.0,3.086664,,,11.7,3.9,1020.7,METAR KBOS 020254Z 21006KT 10SM CLR 12/04 A3014 RMK AO2 SLP205 T01170039 50001,aviationweather_metar
2026-06-02T06:22:02.225916+00:00,2026-06-02T03:54:00+00:00,KBOS,220,6.0,3.086664,,,12.2,3.9,1021.1,METAR KBOS 020354Z 22006KT 10SM CLR 12/04 A3015 RMK AO2 SLP208 T01220039,aviationweather_metar
2026-06-02T06:22:02.225904+00:00,2026-06-02T04:54:00+00:00,KBOS,240,9.0,4.629996,,,12.2,3.9,1020.7,METAR KBOS 020454Z 24009KT 10SM CLR 12/04 A3014 RMK AO2 SLP205 T01220039 401440094,aviationweather_metar
2026-06-02T06:22:02.225870+00:00,2026-06-02T05:54:00+00:00,KBOS,210,6.0,3.086664,,,11.1,4.4,1020.4,METAR KBOS 020554Z 21006KT 10SM CLR 11/04 A3013 RMK AO2 SLP201 T01110044 10133 20111 58004,aviationweather_metar
2026-06-02T11:00:54.306290+00:00,2026-06-02T06:54:00+00:00,KBOS,260,5.0,2.57222,,,12.2,5.0,1020.1,METAR KBOS 020654Z 26005KT 10SM CLR 12/05 A3012 RMK AO2 SLP197 T01220050,aviationweather_metar
2026-06-02T11:00:54.306282+00:00,2026-06-02T07:54:00+00:00,KBOS,280,6.0,3.086664,,,11.7,5.6,1019.7,METAR KBOS 020754Z 28006KT 10SM CLR 12/06 A3011 RMK AO2 SLP196 T01170056,aviationweather_metar
2026-06-02T11:00:54.306272+00:00,2026-06-02T08:54:00+00:00,KBOS,290,4.0,2.057776,,,10.6,6.1,1019.7,METAR KBOS 020854Z 29004KT 10SM CLR 11/06 A3011 RMK AO2 SLP195 T01060061 56006 $,aviationweather_metar
2026-06-02T11:00:54.306260+00:00,2026-06-02T09:54:00+00:00,KBOS,300,4.0,2.057776,,,11.1,6.1,1020.4,METAR KBOS 020954Z 30004KT 10SM CLR 11/06 A3013 RMK AO2 SLP201 T01110061 $,aviationweather_metar
2026-06-02T11:00:54.306227+00:00,2026-06-02T10:54:00+00:00,KBOS,320,6.0,3.086664,,,12.8,6.7,1020.4,METAR KBOS 021054Z 32006KT 10SM CLR 13/07 A3013 RMK AO2 SLP203 T01280067 $,aviationweather_metar
2026-06-02T15:08:46.869025+00:00,2026-06-02T11:54:00+00:00,KBOS,290,5.0,2.57222,,,15.0,6.7,1020.7,METAR KBOS 021154Z 29005KT 10SM CLR 15/07 A3014 RMK AO2 SLP205 T01500067 10150 20094 51009 $,aviationweather_metar
2026-06-02T15:08:46.869012+00:00,2026-06-02T12:54:00+00:00,KBOS,,4.0,2.057776,,,17.2,6.7,1020.7,METAR KBOS 021254Z VRB04KT 10SM FEW250 17/07 A3014 RMK AO2 SLP206 T01720067 $,aviationweather_metar
2026-06-02T15:08:46.869000+00:00,2026-06-02T13:54:00+00:00,KBOS,130,5.0,2.57222,,,18.9,8.3,1020.7,METAR KBOS 021354Z 13005KT 10SM FEW250 19/08 A3014 RMK AO2 SLP206 T01890083 $,aviationweather_metar
2026-06-02T15:08:46.868969+00:00,2026-06-02T14:54:00+00:00,KBOS,120,8.0,4.115552,,,18.3,7.2,1020.4,METAR KBOS 021454Z 12008KT 10SM FEW250 18/07 A3013 RMK AO2 SLP203 T01830072 58002 $,aviationweather_metar
2026-06-02T18:53:27.090509+00:00,2026-06-02T15:54:00+00:00,KBOS,130,9.0,4.629996,,,18.9,7.8,1020.1,METAR KBOS 021554Z 13009KT 10SM FEW045 BKN250 19/08 A3012 RMK AO2 SLP199 T01890078 $,aviationweather_metar
2026-06-02T18:53:27.090497+00:00,2026-06-02T16:54:00+00:00,KBOS,130,8.0,4.115552,,,19.4,8.9,1019.4,METAR KBOS 021654Z 13008KT 10SM FEW045 BKN250 19/09 A3010 RMK AO2 SLP192 T01940089 $,aviationweather_metar
2026-06-02T18:53:27.090468+00:00,2026-06-02T17:54:00+00:00,KBOS,130,8.0,4.115552,,,20.0,8.9,1018.7,METAR KBOS 021754Z 13008KT 10SM FEW050 BKN250 20/09 A3008 RMK AO2 SLP187 T02000089 10206 20150 58016 $,aviationweather_metar
2026-06-02T21:42:16.088951+00:00,2026-06-02T18:54:00+00:00,KBOS,110,8.0,4.115552,,,20.0,10.0,1018.7,METAR KBOS 021854Z 11008KT 10SM FEW050 FEW140 BKN220 20/10 A3008 RMK AO2 SLP184 T02000100 $,aviationweather_metar
2026-06-02T21:42:16.088935+00:00,2026-06-02T19:54:00+00:00,KBOS,130,7.0,3.601108,,,21.1,9.4,1018.0,METAR KBOS 021954Z 13007KT 10SM FEW050 FEW090 BKN220 21/09 A3006 RMK AO2 SLP179 T02110094 $,aviationweather_metar
2026-06-02T21:42:16.088910+00:00,2026-06-02T20:54:00+00:00,KBOS,320,9.0,4.629996,15.0,7.71666,22.2,5.6,1018.4,METAR KBOS 022054Z 32009G15KT 280V020 10SM FEW055 SCT090 OVC200 22/06 A3007 RMK AO2 SLP181 T02220056 55006 $,aviationweather_metar
2026-06-02T23:21:21.302130+00:00,2026-06-02T21:54:00+00:00,KBOS,130,7.0,3.601108,,,20.6,7.8,1018.4,METAR KBOS 022154Z 13007KT 10SM FEW065 OVC180 21/08 A3007 RMK AO2 SLP182 T02060078 $,aviationweather_metar
2026-06-02T23:21:21.302103+00:00,2026-06-02T22:54:00+00:00,KBOS,140,5.0,2.57222,,,20.6,7.8,1018.7,METAR KBOS 022254Z 14005KT 10SM FEW090 SCT180 BKN250 21/08 A3008 RMK AO2 SLP184 T02060078 $,aviationweather_metar
